"","Scientific.Name","Taxon","Year","Status","received","Budget","O_U","change"
"1","Bufo californicus ","Amphibian ",1999,-3,2.13,"$386,750 ","Over","Decreased"
"2","Phaeognathus hubrichti ","Amphibian ",1983,-1,4.96,"$28,704 ","Over","Decreased"
"3","Plethodon nettingi ","Amphibian ",1991,1,2.04,"$69,426 ","Over","Increased"
"4","Aphelocoma coerulescens ","Bird ",1990,-11,52.53,"$33,820 ","Over","Decreased"
"5","Brachyramphus marmoratus ","Bird ",1997,-9,2.13,"$2,036,214 ","Over","Decreased"
"6","Puffinus auricularis newelli ","Bird ",1983,-7,2.66,"$202,020 ","Over","Decreased"
"7","Lanius ludovicianus mearnsi ","Bird ",1984,-1,10.49,"$90,048 ","Over","Decreased"
"8","Sterna antillarum browni ","Bird ",1985,-1,3.81,"$360,220 ","Over","Decreased"
"9","Buteo solitarius ","Bird ",1984,0,3.87,"$32,107 ","Over","No Change"
"10","Rallus longirostris yumanensis ","Bird ",2010,1,2.8,"$192,494 ","Over","Increased"
"11","Sterna antillarum ","Bird ",1990,3,12.77,"$204,107 ","Over","Increased"
"12","Mycteria americana ","Bird ",1997,6,11.63,"$529,250 ","Over","Increased"
"13","Meda fulgida ","Fish ",1991,-9,2.12,"$196,650 ","Over","Decreased"
"14","Poeciliopsis occidentalis ","Fish ",1998,-6,2.39,"$160,732 ","Over","Decreased"
"15","Etheostoma fonticola ","Fish ",1996,-5,2.06,"$60,241 ","Over","Decreased"
"16","Etheostoma scotti ","Fish ",2000,-3,6.68,"$52,466 ","Over","Decreased"
"17","Cyprinodon diabolis ","Fish ",1990,-3,2.14,"$68,094 ","Over","Decreased"
"18","Salvelinus confluentus ","Fish ",2009,0,16.37,"$1,199,000 ","Over","No Change"
"19","Etheostoma etowahae ","Fish ",2000,0,7.92,"$52,466 ","Over","No Change"
"20","Cottus paulus ","Fish ",1991,0,3.5,"$51,300 ","Over","No Change"
"21","Xyrauchen texanus ","Fish ",1990,0,2.47,"$2,019,615 ","Over","No Change"
"22","Lepidomeda albivallis ","Fish ",1994,1,2.38,"$16,261 ","Over","Increased"
"23","Erimonax monachus ","Fish ",1983,2,3.64,"$31,980 ","Over","Increased"
"24","Branchinecta lynchi ","Invertebrate ",2013,-6,6.97,"$219,688 ","Over","Decreased"
"25","Streptocephalus woottoni ","Invertebrate ",1998,-5,9.53,"$39,382 ","Over","Decreased"
"26","Branchinecta sandiegonensis ","Invertebrate ",1998,-3,13.58,"$39,382 ","Over","Decreased"
"27","Desmocerus californicus dimorphus ","Invertebrate ",1984,-1,8.41,"$166,507 ","Over","Decreased"
"28","Leptoxis ampla ","Invertebrate ",2005,-1,2.11,"$24,792 ","Over","Decreased"
"29","Valvata utahensis ","Invertebrate ",1995,1,4.15,"$71,176 ","Over","Increased"
"30","Helminthoglypta walkeriana ","Invertebrate ",1998,1,3.18,"$46,065 ","Over","Increased"
"31","Lioplax cyclostomaformis ","Invertebrate ",2005,1,2.15,"$24,792 ","Over","Increased"
"32","Brachylagus idahoensis ","Mammal ",2012,-5,3.5,"$111,137 ","Over","Decreased"
"33","Peromyscus.polionotus.niveiventris","Mammal",1993,4,4.17,"11896","Over","Increased"
"34","Peromyscus polionotus allophrys ","Mammal ",1987,1,6.02,"$112,750 ","Over","Increased"
"35","Peromyscus polionotus ammobates ","Mammal ",1987,5,2.87,"$112,750 ","Over","Increased"
"36","Sciurus niger cinereus ","Mammal ",1993,6,2.16,"$147,905 ","Over","Increased"
"37","Ursus americanus luteolus ","Mammal ",2009,7,9.9,"$502,490 ","Over","Increased"
"38","Myotis grisescens ","Mammal ",1982,9,8.15,"$82,743 ","Over","Increased"
"39","Arctomecon humilis ","Plant ",1985,-10,2.68,"$32,550 ","Over","Decreased"
"40","Zizania texana ","Plant ",1996,-8,2.04,"$60,241 ","Over","Decreased"
"41","Navarretia fossalis ","Plant ",1998,-5,6.65,"$39,382 ","Over","Decreased"
"42","Pogogyne nudiuscula ","Plant ",1998,-5,5.47,"$39,382 ","Over","Decreased"
"43","Pogogyne abramsii ","Plant ",1998,-5,4.3,"$39,382 ","Over","Decreased"
"44","Orcuttia californica ","Plant ",1998,-5,3.92,"$39,382 ","Over","Decreased"
"45","Portulaca sclerocarpa ","Plant ",1996,-4,2.03,"$33,265 ","Over","Decreased"
"46","Ceanothus roderickii ","Plant ",2002,-3,2.06,"$119,009 ","Over","Decreased"
"47","Eryngium aristulatum parishii ","Plant ",1998,-2,7.32,"$39,382 ","Over","Decreased"
"48","Silene hawaiiensis ","Plant ",1996,-1,2.41,"$28,729 ","Over","Decreased"
"49","Zanthoxylum hawaiiense ","Plant ",1996,-1,2.12,"$33,265 ","Over","Decreased"
"50","Astragalus magdalenae peirsonii ","Plant ",2009,0,3.79,"$62,566 ","Over","No Change"
"51","Schwalbea americana ","Plant ",1995,0,2.32,"$63,648 ","Over","No Change"
"52","Iris lacustris ","Plant ",2013,0,2.31,"$42,092 ","Over","No Change"
"53","Eriodictyon altissimum ","Plant ",1998,0,2.09,"$46,065 ","Over","No Change"
"54","Spiranthes diluvialis ","Plant ",1995,1,3.28,"$221,340 ","Over","Increased"
"55","Chorizanthe pungens pungens ","Plant ",1998,1,2.21,"$32,204 ","Over","Increased"
"56","Howellia aquatilis ","Plant ",1996,6,2.07,"$88,652 ","Over","Increased"
"57","Gopherus polyphemus ","Reptile ",1990,-10,4.74,"$256,913 ","Over","Decreased"
"58","Rana aurora draytonii ","Amphibian ",2002,-5,0.91,"$2,588,127 ","Adequate","Decreased"
"59","Strix occidentalis caurina ","Bird ",2011,-10,1.91,"$4,448,500 ","Adequate","Decreased"
"60","Dendroica chrysoparia ","Bird ",1992,-9,1.44,"$1,315,716 ","Adequate","Decreased"
"61","Aerodramus vanikorensis bartschi ","Bird ",1991,0,1.16,"$133,014 ","Adequate","No Change"
"62","Falco femoralis septentrionalis ","Bird ",1990,2,1.12,"$336,420 ","Adequate","Increased"
"63","Agelaius xanthomus ","Bird ",1996,8,0.91,"$241,733 ","Adequate","Increased"
"64","Haliaeetus leucocephalus ","Bird ",1988,9,0.99,"$9,812,767 ","Adequate","Increased"
"65","Tiaroga cobitis ","Fish ",1991,-9,1.88,"$196,650 ","Adequate","Decreased"
"66","Lepidomeda vittata ","Fish ",1998,-8,1.14,"$382,128 ","Adequate","Decreased"
"67","Plagopterus argentissimus ","Fish ",1995,-8,1.12,"$293,250 ","Adequate","Decreased"
"68","Oncorhynchus clarki henshawi ","Fish ",1995,-6,1.8,"$1,081,777 ","Adequate","Decreased"
"69","Acipenser transmontanus ","Fish ",1999,-6,1.65,"$2,087,680 ","Adequate","Decreased"
"70","Gasterosteus aculeatus williamsoni ","Fish ",1985,-5,1.29,"$217,723 ","Adequate","Decreased"
"71","Chasmistes brevirostris ","Fish ",2013,-4,1.35,"$1,296,930 ","Adequate","Decreased"
"72","Lepidomeda mollispinis pratensis ","Fish ",1994,-3,1.79,"$23,671 ","Adequate","Decreased"
"73","Gambusia nobilis ","Fish ",1985,-2,1.91,"$30,018 ","Adequate","Decreased"
"74","Deltistes luxatus ","Fish ",2013,-2,1.36,"$1,296,930 ","Adequate","Decreased"
"75","Gila.boraxobius","Fish",1987,1,1.9,"23576","Adequate","Increased"
"76","Gila cypha ","Fish ",1990,-1,1.38,"$2,019,615 ","Adequate","Decreased"
"77","Oncorhynchus clarki seleniris ","Fish ",2004,-1,1.29,"$68,689 ","Adequate","Decreased"
"78","Moapa coriacea ","Fish ",1996,-1,1.27,"$156,140 ","Adequate","Decreased"
"79","Cyprinella monacha ","Fish ",1983,0,1.34,"$28,860 ","Adequate","No Change"
"80","Acipenser oxyrinchus desotoi ","Fish ",1995,0,1.27,"$443,858 ","Adequate","No Change"
"81","Oregonichthys crameri ","Fish ",1998,0,1.02,"$433,648 ","Adequate","No Change"
"82","Percina rex ","Fish ",1992,1,1.64,"$93,458 ","Adequate","Increased"
"83","Notropis simus pecosensis ","Fish ",1992,1,1.56,"$375,741 ","Adequate","Increased"
"84","Cyprinodon macularius ","Fish ",1993,1,1.2,"$136,528 ","Adequate","Increased"
"85","Amblyopsis rosae ","Fish ",1986,2,1.97,"$47,925 ","Adequate","Increased"
"86","Ptychocheilus lucius ","Fish ",1990,2,1.92,"$2,019,615 ","Adequate","Increased"
"87","Eucyclogobius newberryi ","Fish ",2005,2,1.22,"$235,620 ","Adequate","Increased"
"88","Cicindela dorsalis dorsalis ","Invertebrate ",1994,-5,1.33,"$116,703 ","Adequate","Decreased"
"89","Medionidus acutissimus ","Invertebrate ",2000,-5,1.06,"$52,466 ","Adequate","Decreased"
"90","Alasmidonta heterodon ","Invertebrate ",1993,-4,1.76,"$156,331 ","Adequate","Decreased"
"91","Physa natricina ","Invertebrate ",1995,-4,1.18,"$71,176 ","Adequate","Decreased"
"92","Alasmidonta raveneliana ","Invertebrate ",1996,-3,1.84,"$56,845 ","Adequate","Decreased"
"93","Triodopsis platysayoides ","Invertebrate ",1983,-3,0.99,"$43,524 ","Adequate","Decreased"
"94","Pyrgus ruralis lagunae ","Invertebrate ",2010,-2,1.91,"$45,053 ","Adequate","Decreased"
"95","Taylorconcha serpenticola ","Invertebrate ",1995,-1,1.34,"$71,176 ","Adequate","Decreased"
"96","Icaricia icarioides missionensis ","Invertebrate ",1984,0,1.79,"$52,453 ","Adequate","No Change"
"97","Nicrophorus americanus ","Invertebrate ",1991,0,1.19,"$312,645 ","Adequate","No Change"
"98","Orconectes shoupi ","Invertebrate ",1989,0,1.14,"$46,373 ","Adequate","No Change"
"99","Fontelicella idahoensis ","Invertebrate ",1995,1,0.92,"$71,176 ","Adequate","Increased"
"100","Vulpes macrotis mutica ","Mammal ",1998,-11,0.91,"$1,303,380 ","Adequate","Decreased"
"101","Dipodomys stephensi ","Mammal ",1997,-1,0.91,"$348,000 ","Adequate","Decreased"
"102","Peromyscus polionotus phasma ","Mammal ",1993,1,1.59,"$11,896 ","Adequate","Increased"
"103","Enhydra lutris nereis ","Mammal ",2003,2,1,"$648,951 ","Adequate","Increased"
"104","Corynorhinus townsendii virginianus ","Mammal ",1984,8,1.12,"$127,680 ","Adequate","Increased"
"105","Baptisia arachnifera ","Plant ",1984,-9,1.82,"$12,320 ","Adequate","Decreased"
"106","Erigeron parishii ","Plant ",1997,-7,1.52,"$22,620 ","Adequate","Decreased"
"107","Pediocactus winkleri ","Plant ",1995,-7,0.9,"$20,400 ","Adequate","Decreased"
"108","Thelypodium stenopetalum ","Plant ",1998,-7,0.9,"$33,748 ","Adequate","Decreased"
"109","Lindera melissifolia ","Plant ",1993,-6,1.99,"$142,646 ","Adequate","Decreased"
"110","Eriogonum ovalifolium vineum ","Plant ",1997,-6,1.56,"$22,620 ","Adequate","Decreased"
"111","Lesquerella kingii bernardina ","Plant ",1997,-6,1.53,"$22,620 ","Adequate","Decreased"
"112","Oxytheca parishii goodmaniana ","Plant ",1997,-6,1.51,"$22,620 ","Adequate","Decreased"
"113","Amaranthus pumilus ","Plant ",1996,-6,1.49,"$162,800 ","Adequate","Decreased"
"114","Astragalus albens ","Plant ",1997,-6,1.24,"$22,620 ","Adequate","Decreased"
"115","Tetramolopium arenarium ","Plant ",1996,-5,1.87,"$33,265 ","Adequate","Decreased"
"116","Echinacea laevigata ","Plant ",1995,-5,1.3,"$140,000 ","Adequate","Decreased"
"117","Cyanea koolauensis ","Plant ",1998,-5,1.03,"$48,051 ","Adequate","Decreased"
"118","Erysimum menziesii ","Plant ",1998,-4,1.76,"$32,204 ","Adequate","Decreased"
"119","Helonias.bullata","Plant",1991,4,1.6,"78831","Adequate","Increased"
"120","Coryphantha sneedii sneedii ","Plant ",1986,-4,1.56,"$20,058 ","Adequate","Decreased"
"121","Isoetes melanospora ","Plant ",1993,-4,1.52,"$8,944 ","Adequate","Decreased"
"122","Chorizanthe robusta ","Plant ",1998,-4,1.23,"$33,348 ","Adequate","Decreased"
"123","Lobelia oahuensis ","Plant ",1998,-4,0.92,"$48,051 ","Adequate","Decreased"
"124","Viola oahuensis ","Plant ",1998,-4,0.91,"$48,051 ","Adequate","Decreased"
"125","Calystegia stebbinsii ","Plant ",2002,-3,1.8,"$119,009 ","Adequate","Decreased"
"126","Erigeron decumbens decumbens ","Plant ",2010,-3,1.72,"$306,421 ","Adequate","Decreased"
"127","Trillium reliquum ","Plant ",1991,-3,1.16,"$20,691 ","Adequate","Decreased"
"128","Spiraea virginiana ","Plant ",1992,-3,1.07,"$88,921 ","Adequate","Decreased"
"129","Gardenia mannii ","Plant ",1998,-3,1.02,"$48,051 ","Adequate","Decreased"
"130","Fritillaria gentneri ","Plant ",2003,-3,0.92,"$248,126 ","Adequate","Decreased"
"131","Amphianthus pusillus ","Plant ",1993,-3,0.92,"$8,944 ","Adequate","Decreased"
"132","Clermontia pyrularia ","Plant ",1996,-2,1.19,"$33,265 ","Adequate","Decreased"
"133","Euphorbia telephioides ","Plant ",1994,-2,1.17,"$15,308 ","Adequate","Decreased"
"134","Cyanea acuminata ","Plant ",1998,-2,0.99,"$48,051 ","Adequate","Decreased"
"135","Neraudia ovata ","Plant ",1998,-2,0.95,"$77,996 ","Adequate","Decreased"
"136","Nothocestrum breviflorum ","Plant ",1996,-1,1.72,"$33,265 ","Adequate","Decreased"
"137","Senecio layneae ","Plant ",2002,-1,1.6,"$119,009 ","Adequate","Decreased"
"138","Pinguicula ionantha ","Plant ",1994,-1,1.56,"$15,308 ","Adequate","Decreased"
"139","Gilia tenuiflora arenaria ","Plant ",1998,-1,1.29,"$32,204 ","Adequate","Decreased"
"140","Galium californicum sierrae ","Plant ",2002,-1,1.2,"$119,009 ","Adequate","Decreased"
"141","Castilleja levisecta ","Plant ",2000,-1,1.14,"$278,438 ","Adequate","Decreased"
"142","Macbridea alba ","Plant ",1994,-1,0.99,"$15,308 ","Adequate","Decreased"
"143","Cyanea stictophylla ","Plant ",1996,-1,0.97,"$33,265 ","Adequate","Decreased"
"144","Layia carnosa ","Plant ",1998,0,1.75,"$32,204 ","Adequate","No Change"
"145","Hackelia venusta ","Plant ",2007,0,1.7,"$16,352 ","Adequate","No Change"
"146","Piperia yadonii ","Plant ",2004,0,1.45,"$33,723 ","Adequate","No Change"
"147","Lysimachia asperulaefolia ","Plant ",1995,0,1.3,"$84,167 ","Adequate","No Change"
"148","Delissea subcordata ","Plant ",1998,0,0.9,"$48,051 ","Adequate","No Change"
"149","Scutellaria montana ","Plant ",1996,1,1.11,"$27,109 ","Adequate","Increased"
"150","Isoetes louisianensis ","Plant ",1996,3,1.37,"$36,507 ","Adequate","Increased"
"151","Cyrtandra dentata ","Plant ",1998,3,0.93,"$48,051 ","Adequate","Increased"
"152","Harperocallis flava ","Plant ",1983,8,1.88,"$38,220 ","Adequate","Increased"
"153","Isotria medeoloides ","Plant ",1992,8,1.02,"$78,269 ","Adequate","Increased"
"154","Uma inornata ","Reptile ",1985,-11,1.68,"$180,833 ","Adequate","Decreased"
"155","Nerodia clarkii taeniata ","Reptile ",1993,-5,1.24,"$48,944 ","Adequate","Decreased"
"156","Clemmys muhlenbergii ","Reptile ",2001,-4,1.28,"$702,680 ","Adequate","Decreased"
"157","Pseudemys alabamensis ","Reptile ",1980,0,1.58,"$21,131 ","Adequate","No Change"
"158","Lepidochelys olivacea ","Reptile ",1998,2,1.2,"$890,175 ","Adequate","Increased"
"159","Pseudemys rubriventris bangsi ","Reptile ",1994,6,1.53,"$56,913 ","Adequate","Increased"
"160","Ambystoma macrodactylum croceum ","Amphibian ",1999,-7,0.35,"$480,347 ","Under","Decreased"
"161","Bufo.houstonensis","Amphibian",1984,6,0.26,"479360","Under","Increased"
"162","Eurycea nana ","Amphibian ",1996,-5,0.6,"$60,241 ","Under","Decreased"
"163","Typhlomolge rathbuni ","Amphibian ",1996,-4,0.7,"$60,241 ","Under","Decreased"
"164","Rana capito sevosa ","Amphibian ",2010,-3,0.65,"$359,700 ","Under","Decreased"
"165","Bufo baxteri ","Amphibian ",2014,-3,0.41,"$284,000 ","Under","Decreased"
"166","Eurycea sosorum ","Amphibian ",2005,-3,0.3,"$744,345 ","Under","Decreased"
"167","Eleutherodactylus jasperi ","Amphibian ",1984,-3,0.02,"$227,733 ","Under","Decreased"
"168","Plethodon shenandoah ","Amphibian ",1994,-2,0.22,"$81,378 ","Under","Decreased"
"169","Rana chiricahuensis ","Amphibian ",2007,-1,0.47,"$764,512 ","Under","Decreased"
"170","Ambystoma tigrinum stebbinsi ","Amphibian ",2002,-1,0.17,"$262,128 ","Under","Decreased"
"171","Batrachoseps aridus ","Amphibian ",1982,0,0.2,"$76,317 ","Under","No Change"
"172","Peltophryne lemur ","Amphibian ",1992,0,0.14,"$118,524 ","Under","No Change"
"173","Eleutherodactylus cooki ","Amphibian ",2004,0,0.07,"$208,116 ","Under","No Change"
"174","Corvus kubaryi ","Bird ",2006,-11,0.02,"$15,344,944 ","Under","Decreased"
"175","Corvus hawaiiensis ","Bird ",2009,-8,0.1,"$3,134,840 ","Under","Decreased"
"176","Melamprosops phaeosoma ","Bird ",2006,-8,0.01,"$5,041,832 ","Under","Decreased"
"177","Halcyon cinnamomina cinnamomina ","Bird ",2008,-8,0.01,"$8,467,200 ","Under","Decreased"
"178","Ammodramus savannarum floridanus ","Bird ",1989,-7,0.2,"$5,627,059 ","Under","Decreased"
"179","Tympanuchus cupido attwateri ","Bird ",2010,-7,0.04,"$8,840,118 ","Under","Decreased"
"180","Hemignathus lucidus ","Bird ",2006,-7,0.01,"$5,041,832 ","Under","Decreased"
"181","Rallus longirostris obsoletus ","Bird ",2014,-6,0.1,"$5,183,564 ","Under","Decreased"
"182","Charadrius melodus ","Bird ",1996,-5,0.89,"$4,777,440 ","Under","Decreased"
"183","Rallus owstoni ","Bird ",1990,-5,0.7,"$331,021 ","Under","Decreased"
"184","Acrocephalus luscinia ","Bird ",1998,-5,0.13,"$395,633 ","Under","Decreased"
"185","Chasiempis sandwichensis ibidis ","Bird ",2006,-5,0.03,"$5,041,832 ","Under","Decreased"
"186","Myadestes myadestinus ","Bird ",2006,-5,0,"$5,041,832 ","Under","Decreased"
"187","Rostrhamus sociabilis plumbeus ","Bird ",1989,-4,0.12,"$5,627,059 ","Under","Decreased"
"188","Vireo atricapilla ","Bird ",1991,-4,0.05,"$27,996,690 ","Under","Decreased"
"189","Myadestes lanaiensis rutha ","Bird ",2006,-4,0,"$5,041,832 ","Under","Decreased"
"190","Amphispiza belli clementeae ","Bird ",1984,-3,0.75,"$90,048 ","Under","Decreased"
"191","Charadrius alexandrinus nivosus ","Bird ",2007,-3,0.44,"$4,198,488 ","Under","Decreased"
"192","Ammodramus maritimus mirabilis ","Bird ",1989,-3,0.15,"$5,627,059 ","Under","Decreased"
"193","Hemignathus munroi ","Bird ",2006,-3,0.02,"$5,041,832 ","Under","Decreased"
"194","Psittirostra psittacea ","Bird ",2006,-3,0.01,"$5,041,832 ","Under","Decreased"
"195","Loxops coccineus ochraceus ","Bird ",2006,-3,0.01,"$5,041,832 ","Under","Decreased"
"196","Moho braccatus ","Bird ",2006,-3,0,"$5,041,832 ","Under","Decreased"
"197","Paroreomyza flammea ","Bird ",2006,-3,0,"$5,041,832 ","Under","Decreased"
"198","Anas wyvilliana ","Bird ",2011,-2,0.61,"$644,333 ","Under","Decreased"
"199","Sterna dougallii dougallii ","Bird ",1998,-2,0.28,"$1,088,230 ","Under","Decreased"
"200","Telespyza cantans ","Bird ",1984,-2,0.24,"$69,067 ","Under","Decreased"
"201","Somateria fischeri ","Bird ",1996,-2,0.24,"$2,366,816 ","Under","Decreased"
"202","Accipiter striatus venator ","Bird ",1997,-2,0.19,"$163,367 ","Under","Decreased"
"203","Loxioides bailleui ","Bird ",2006,-2,0.14,"$5,041,832 ","Under","Decreased"
"204","Buteo platypterus brunnescens ","Bird ",1997,-2,0.11,"$163,367 ","Under","Decreased"
"205","Rallus.longirostris.levipes","Bird",1985,-2,0.1,"3126355","Under","Decreased"
"206","Zosterops rotensis ","Bird ",2007,-2,0.02,"$2,749,824 ","Under","Decreased"
"207","Paroreomyza maculata ","Bird ",2006,-2,0,"$5,041,832 ","Under","Decreased"
"208","Amazona vittata ","Bird ",2009,-1,0.86,"$1,234,467 ","Under","Decreased"
"209","Polysticta stelleri ","Bird ",2002,-1,0.62,"$1,361,982 ","Under","Decreased"
"210","Empidonax traillii extimus ","Bird ",2002,-1,0.45,"$15,475,614 ","Under","Decreased"
"211","Branta sandvicensis ","Bird ",2004,-1,0.19,"$2,449,791 ","Under","Decreased"
"212","Megapodius laperouse ","Bird ",1998,-1,0.17,"$350,541 ","Under","Decreased"
"213","Anas laysanensis ","Bird ",2010,-1,0.03,"$1,990,013 ","Under","Decreased"
"214","Oreomystis bairdi ","Bird ",2006,-1,0.01,"$5,041,832 ","Under","Decreased"
"215","Myadestes palmeri ","Bird ",2006,-1,0.01,"$5,041,832 ","Under","Decreased"
"216","Himantopus mexicanus knudseni ","Bird ",2011,0,0.78,"$644,333 ","Under","No Change"
"217","Pterodroma phaeopygia sandwichensis ","Bird ",1983,0,0.62,"$202,020 ","Under","No Change"
"218","Strix occidentalis lucida ","Bird ",2012,0,0.61,"$3,777,628 ","Under","No Change"
"219","Fulica americana alai ","Bird ",2011,0,0.52,"$644,333 ","Under","No Change"
"220","Gallinula chloropus sandvicensis ","Bird ",2011,0,0.48,"$644,333 ","Under","No Change"
"221","Gallinula chloropus guami ","Bird ",1991,0,0.24,"$431,897 ","Under","No Change"
"222","Polyborus plancus audubonii ","Bird ",1989,0,0.21,"$5,627,059 ","Under","No Change"
"223","Telespyza ultima ","Bird ",1984,0,0.21,"$69,067 ","Under","No Change"
"224","Acrocephalus familiaris kingi ","Bird ",2008,0,0.09,"$201,312 ","Under","No Change"
"225","Campephilus principalis ","Bird ",2010,0,0.08,"$6,723,847 ","Under","No Change"
"226","Loxops coccineus coccineus ","Bird ",2006,0,0.05,"$5,041,832 ","Under","No Change"
"227","Oreomystis mana ","Bird ",2006,0,0.03,"$5,041,832 ","Under","No Change"
"228","Caprimulgus noctitherus ","Bird ",1984,0,0.02,"$541,333 ","Under","No Change"
"229","Pseudonestor xanthophrys ","Bird ",2006,0,0.02,"$5,041,832 ","Under","No Change"
"230","Palmeria dolei ","Bird ",2006,0,0.01,"$5,041,832 ","Under","No Change"
"231","Hemignathus procerus ","Bird ",2006,0,0,"$5,041,832 ","Under","No Change"
"232","Columba inornata wetmorei ","Bird ",1982,1,0.19,"$350,253 ","Under","Increased"
"233","Grus canadensis pulla ","Bird ",1991,2,0.32,"$1,425,000 ","Under","Increased"
"234","Colinus virginianus ridgwayi ","Bird ",1994,2,0.2,"$1,762,875 ","Under","Increased"
"235","Pipilo crissalis eremophilus ","Bird ",1998,3,0.52,"$69,850 ","Under","Increased"
"236","Phoebastria albatrus ","Bird ",2009,6,0.26,"$1,004,326 ","Under","Increased"
"237","Grus americana ","Bird ",2007,7,0.67,"$4,866,207 ","Under","Increased"
"238","Dendroica kirtlandii ","Bird ",2009,8,0.09,"$6,661,608 ","Under","Increased"
"239","Vireo bellii pusillus ","Bird ",1998,9,0.86,"$2,402,972 ","Under","Increased"
"240","Gymnogyps californianus ","Bird ",1996,9,0.43,"$2,663,723 ","Under","Increased"
"241","Erimystax cahni ","Fish ",1983,-8,0.36,"$34,710 ","Under","Decreased"
"242","Cyprinodon elegans ","Fish ",1981,-7,0.89,"$54,613 ","Under","Decreased"
"243","Noturus placidus ","Fish ",1991,-7,0.77,"$100,646 ","Under","Decreased"
"244","Gila robusta jordani ","Fish ",1998,-6,0.87,"$54,340 ","Under","Decreased"
"245","Ictalurus pricei ","Fish ",1995,-5,0.23,"$136,476 ","Under","Decreased"
"246","Scaphirhynchus albus ","Fish ",2013,-5,0.2,"$51,034,680 ","Under","Decreased"
"247","Notropis girardi ","Fish ",2009,-5,0.07,"$1,324,786 ","Under","Decreased"
"248","Noturus flavipinnis ","Fish ",1983,-4,0.82,"$35,880 ","Under","Decreased"
"249","Percina.pantherina","Fish",1993,-4,0.33,"206724","Under","Decreased"
"250","Chasmistes liorus ","Fish ",1999,-4,0.22,"$1,707,317 ","Under","Decreased"
"251","Etheostoma boschungi ","Fish ",1984,-4,0.22,"$82,955 ","Under","Decreased"
"252","Cyprinella formosa ","Fish ",1995,-4,0.19,"$136,476 ","Under","Decreased"
"253","Rhinichthys osculus nevadensis ","Fish ",1990,-3,0.78,"$68,094 ","Under","Decreased"
"254","Cyprinella caerulea ","Fish ",1995,-3,0.49,"$114,750 ","Under","Decreased"
"255","Gila bicolor mohavensis ","Fish ",1984,-3,0.43,"$146,720 ","Under","Decreased"
"256","Hypomesus transpacificus ","Fish ",1996,-3,0.33,"$4,654,600 ","Under","Decreased"
"257","Hybognathus amarus ","Fish ",2010,-3,0.3,"$15,365,730 ","Under","Decreased"
"258","Empetrichthys latos ","Fish ",1980,-3,0.02,"$1,175,865 ","Under","Decreased"
"259","Catostomus warnerensis ","Fish ",1998,-2,0.85,"$117,765 ","Under","Decreased"
"260","Crenichthys nevadae ","Fish ",1997,-2,0.64,"$118,071 ","Under","Decreased"
"261","Acipenser medirostris ","Fish ",1995,-2,0.64,"$4,811,850 ","Under","Decreased"
"262","Cyprinodon radiosus ","Fish ",1998,-2,0.23,"$130,216 ","Under","Decreased"
"263","Dionda diaboli ","Fish ",2005,-2,0.23,"$347,480 ","Under","Decreased"
"264","Gila elegans ","Fish ",1990,-1,0.88,"$2,187,917 ","Under","Decreased"
"265","Cyprinodon bovinus ","Fish ",1985,-1,0.76,"$27,487 ","Under","Decreased"
"266","Cyprinodon nevadensis pectoralis ","Fish ",1990,-1,0.66,"$68,094 ","Under","Decreased"
"267","Gila seminuda ","Fish ",1995,-1,0.61,"$439,875 ","Under","Decreased"
"268","Percina aurolineata ","Fish ",2000,-1,0.49,"$52,466 ","Under","Decreased"
"269","Salmo salar ","Fish ",2005,-1,0.37,"$14,518,000 ","Under","Decreased"
"270","Crenichthys baileyi grandis ","Fish ",1998,-1,0.36,"$54,340 ","Under","Decreased"
"271","Gila ditaenia ","Fish ",1992,-1,0.35,"$89,142 ","Under","Decreased"
"272","Etheostoma nianguae ","Fish ",1989,-1,0.33,"$352,187 ","Under","Decreased"
"273","Eremichthys acros ","Fish ",1997,-1,0.31,"$180,163 ","Under","Decreased"
"274","Gila bicolor snyderi ","Fish ",1998,-1,0.29,"$130,216 ","Under","Decreased"
"275","Rhinichthys osculus thermalis ","Fish ",2012,-1,0.02,"$390,380 ","Under","Decreased"
"276","Oncorhynchus gilae ","Fish ",2003,0,0.8,"$360,553 ","Under","No Change"
"277","Percina antesella ","Fish ",1986,0,0.79,"$53,605 ","Under","No Change"
"278","Etheostoma wapiti ","Fish ",1989,0,0.69,"$112,487 ","Under","No Change"
"279","Acipenser brevirostrum ","Fish ",1998,0,0.64,"$1,647,360 ","Under","No Change"
"280","Etheostoma sp. ","Fish ",1997,0,0.59,"$54,045 ","Under","No Change"
"281","Crenichthys baileyi baileyi ","Fish ",1998,0,0.55,"$54,340 ","Under","No Change"
"282","Scaphirhynchus suttkusi ","Fish ",2013,0,0.54,"$234,600 ","Under","No Change"
"283","Phoxinus cumberlandensis ","Fish ",1988,0,0.47,"$111,962 ","Under","No Change"
"284","Notropis mekistocholas ","Fish ",1988,0,0.34,"$101,455 ","Under","No Change"
"285","Etheostoma rubrum ","Fish ",1990,0,0.29,"$19,192 ","Under","No Change"
"286","Notropis albizonatus ","Fish ",1997,0,0.25,"$50,091 ","Under","No Change"
"287","Percina tanasi ","Fish ",1983,0,0.25,"$65,910 ","Under","No Change"
"288","Etheostoma chienense ","Fish ",1994,0,0.25,"$51,382 ","Under","No Change"
"289","Gambusia gaigei ","Fish ",1984,0,0.22,"$85,867 ","Under","No Change"
"290","Rhinichthys osculus oligoporus ","Fish ",1998,0,0.19,"$84,084 ","Under","No Change"
"291","Rhinichthys osculus lethoporus ","Fish ",1998,0,0.19,"$84,084 ","Under","No Change"
"292","Gambusia georgei ","Fish ",1996,0,0.17,"$60,241 ","Under","No Change"
"293","Pristis.pectinata","Fish",2009,0,0.16,"3144650","Under","No Change"
"294","Pogonichthys macrolepidotus ","Fish ",1995,0,0.15,"$4,811,850 ","Under","No Change"
"295","Gambusia heterochir ","Fish ",1982,0,0.14,"$79,530 ","Under","No Change"
"296","Menidia extensa ","Fish ",1993,0,0.11,"$48,739 ","Under","No Change"
"297","Noturus stanauli ","Fish ",1994,0,0.08,"$89,205 ","Under","No Change"
"298","Etheostoma chermocki ","Fish ",2007,0,0.06,"$183,884 ","Under","No Change"
"299","Speoplatyrhinus poulsoni ","Fish ",1990,0,0.03,"$278,273 ","Under","No Change"
"300","Etheostoma okaloosae ","Fish ",1998,1,0.48,"$1,067,066 ","Under","Increased"
"301","Percina jenkinsi ","Fish ",1986,1,0.48,"$53,605 ","Under","Increased"
"302","Gila purpurea ","Fish ",1995,1,0.28,"$136,476 ","Under","Increased"
"303","Notropis cahabae ","Fish ",1992,2,0.29,"$224,100 ","Under","Increased"
"304","Etheostoma percnurum ","Fish ",1994,3,0.28,"$101,336 ","Under","Increased"
"305","Cyprinodon nevadensis mionectes ","Fish ",1990,4,0.77,"$68,094 ","Under","Increased"
"306","Noturus baileyi ","Fish ",1985,4,0.27,"$73,418 ","Under","Increased"
"307","Oncorhynchus clarki stomias ","Fish ",1998,4,0.22,"$858,000 ","Under","Increased"
"308","Gila nigrescens ","Fish ",1986,4,0.17,"$124,960 ","Under","Increased"
"309","Oncorhynchus apache ","Fish ",2009,5,0.43,"$781,167 ","Under","Increased"
"310","Chasmistes cujus ","Fish ",1992,8,0.87,"$965,498 ","Under","Increased"
"311","Epioblasma obliquata obliquata ","Invertebrate ",1992,-10,0.38,"$69,267 ","Under","Decreased"
"312","Arkansia wheeleri ","Invertebrate ",2004,-10,0.13,"$507,053 ","Under","Decreased"
"313","Pegias fabula ","Invertebrate ",1989,-9,0.67,"$116,873 ","Under","Decreased"
"314","Epioblasma obliquata perobliqua ","Invertebrate ",1990,-9,0.22,"$124,155 ","Under","Decreased"
"315","Pacifastacus fortis ","Invertebrate ",1998,-8,0.07,"$1,287,000 ","Under","Decreased"
"316","Achatinella spp. ","Invertebrate ",1992,-7,0.69,"$395,782 ","Under","Decreased"
"317","Obovaria retusa ","Invertebrate ",1991,-7,0.38,"$90,785 ","Under","Decreased"
"318","Lampsilis higginsii ","Invertebrate ",2004,-7,0.32,"$1,558,000 ","Under","Decreased"
"319","Villosa perpurpurea ","Invertebrate ",2004,-7,0.27,"$185,755 ","Under","Decreased"
"320","Cyprogenia stegaria ","Invertebrate ",2008,-7,0.19,"$572,400 ","Under","Decreased"
"321","Pleurobema taitianum ","Invertebrate ",1989,-7,0.18,"$84,788 ","Under","Decreased"
"322","Lasmigona decorata ","Invertebrate ",2009,-7,0.13,"$1,445,340 ","Under","Decreased"
"323","Elliptio steinstansana ","Invertebrate ",2009,-7,0.02,"$4,169,250 ","Under","Decreased"
"324","Lepidurus packardi ","Invertebrate ",2006,-6,0.57,"$2,084,542 ","Under","Decreased"
"325","Medionidus parvulus ","Invertebrate ",2000,-6,0.34,"$52,466 ","Under","Decreased"
"326","Pyrgulopsis bruneauensis ","Invertebrate ",2002,-6,0.11,"$967,500 ","Under","Decreased"
"327","Euphydryas editha bayensis ","Invertebrate ",1998,-6,0.01,"$4,415,840 ","Under","Decreased"
"328","Polyphylla barbata ","Invertebrate ",1998,-5,0.72,"$33,348 ","Under","Decreased"
"329","Cicindela puritana ","Invertebrate ",1993,-5,0.61,"$149,462 ","Under","Decreased"
"330","Lampsilis perovalis ","Invertebrate ",2000,-5,0.52,"$52,466 ","Under","Decreased"
"331","Rhaphiomidas terminatus abdominalis ","Invertebrate ",1997,-5,0.48,"$232,435 ","Under","Decreased"
"332","Texella reyesi ","Invertebrate ",1994,-5,0.37,"$182,419 ","Under","Decreased"
"333","Pleurobema clava ","Invertebrate ",1994,-5,0.34,"$473,617 ","Under","Decreased"
"334","Speyeria zerene hippolyta ","Invertebrate ",2001,-5,0.33,"$1,023,000 ","Under","Decreased"
"335","Epioblasma brevidens ","Invertebrate ",2004,-5,0.29,"$185,755 ","Under","Decreased"
"336","Pleurobema furvum ","Invertebrate ",2000,-5,0.25,"$52,466 ","Under","Decreased"
"337","Epioblasma.torulosa.rangiana","Invertebrate",1994,-5,0.22,"473617","Under","Decreased"
"338","Euphilotes enoptes smithi ","Invertebrate ",1984,-5,0.16,"$243,413 ","Under","Decreased"
"339","Epioblasma penita ","Invertebrate ",1989,-5,0.11,"$84,788 ","Under","Decreased"
"340","Succinea chittenangoensis ","Invertebrate ",2006,-5,0.08,"$87,193 ","Under","Decreased"
"341","Quadrula stapes ","Invertebrate ",1989,-5,0.05,"$84,788 ","Under","Decreased"
"342","Pleurobema marshalli ","Invertebrate ",1989,-5,0.05,"$84,788 ","Under","Decreased"
"343","Leptodea leptodon ","Invertebrate ",2010,-5,0.04,"$2,934,825 ","Under","Decreased"
"344","Gammarus acherondytes ","Invertebrate ",2002,-5,0.02,"$777,870 ","Under","Decreased"
"345","Cicurina baronia ","Invertebrate ",2011,-5,0.01,"$1,580,600 ","Under","Decreased"
"346","Pleurobema decisum ","Invertebrate ",2000,-4,0.85,"$52,466 ","Under","Decreased"
"347","Glaucopsyche lygdamus palosverdesensis ","Invertebrate ",1984,-4,0.85,"$128,427 ","Under","Decreased"
"348","Neonympha mitchellii francisci ","Invertebrate ",1996,-4,0.7,"$137,640 ","Under","Decreased"
"349","Lampsilis altilis ","Invertebrate ",2000,-4,0.65,"$52,466 ","Under","Decreased"
"350","Trimerotropis infantilis ","Invertebrate ",1998,-4,0.53,"$33,348 ","Under","Decreased"
"351","Cicindela ohlone ","Invertebrate ",1998,-4,0.53,"$33,348 ","Under","Decreased"
"352","Epioblasma capsaeformis ","Invertebrate ",2004,-4,0.38,"$185,755 ","Under","Decreased"
"353","Epioblasma metastriata ","Invertebrate ",2000,-4,0.33,"$52,466 ","Under","Decreased"
"354","Pleurobema georgianum ","Invertebrate ",2000,-4,0.3,"$52,466 ","Under","Decreased"
"355","Epioblasma othcaloogensis ","Invertebrate ",2000,-4,0.26,"$52,466 ","Under","Decreased"
"356","Somatochlora hineana ","Invertebrate ",2001,-4,0.21,"$868,758 ","Under","Decreased"
"357","Quadrula cylindrica strigillata ","Invertebrate ",2004,-4,0.2,"$185,755 ","Under","Decreased"
"358","Stygoparnus comalensis ","Invertebrate ",1996,-4,0.11,"$200,152 ","Under","Decreased"
"359","Pleurobema gibberum ","Invertebrate ",1992,-4,0.07,"$93,337 ","Under","Decreased"
"360","Pleurobema curtum ","Invertebrate ",1989,-4,0.06,"$84,788 ","Under","Decreased"
"361","Lampsilis powellii ","Invertebrate ",1992,-4,0.05,"$292,160 ","Under","Decreased"
"362","Euphydryas editha quino ","Invertebrate ",2003,-4,0.04,"$11,937,915 ","Under","Decreased"
"363","Texella cokendolpheri ","Invertebrate ",2011,-4,0.01,"$1,580,600 ","Under","Decreased"
"364","Orthalicus reses ","Invertebrate ",1989,-4,0,"$5,627,059 ","Under","Decreased"
"365","Haliotis sorenseni ","Invertebrate ",2009,-3,0.8,"$1,079,972 ","Under","Decreased"
"366","Icaricia icarioides fenderi ","Invertebrate ",2010,-3,0.77,"$306,421 ","Under","Decreased"
"367","Pleurobema perovatum ","Invertebrate ",2000,-3,0.61,"$52,466 ","Under","Decreased"
"368","Pleurobema collina ","Invertebrate ",1990,-3,0.58,"$124,897 ","Under","Decreased"
"369","Tartarocreagris texana ","Invertebrate ",1994,-3,0.39,"$182,419 ","Under","Decreased"
"370","Quadrula fragosa ","Invertebrate ",1997,-3,0.35,"$544,958 ","Under","Decreased"
"371","Potamilus inflatus ","Invertebrate ",1989,-3,0.25,"$84,788 ","Under","Decreased"
"372","Pleurobema pyriforme ","Invertebrate ",2003,-3,0.25,"$199,281 ","Under","Decreased"
"373","Antrobia culveri ","Invertebrate ",2003,-3,0.11,"$366,268 ","Under","Decreased"
"374","Stygobromus pecki ","Invertebrate ",1996,-3,0.09,"$200,152 ","Under","Decreased"
"375","Cicurina madla ","Invertebrate ",2011,-3,0.06,"$1,580,600 ","Under","Decreased"
"376","Rhadine exilis ","Invertebrate ",2011,-3,0.06,"$1,580,600 ","Under","Decreased"
"377","Rhadine infernalis ","Invertebrate ",2011,-3,0.06,"$1,580,600 ","Under","Decreased"
"378","Batrisodes texanus ","Invertebrate ",1994,-3,0.03,"$182,419 ","Under","Decreased"
"379","Cicurina venii ","Invertebrate ",2011,-3,0.01,"$1,580,600 ","Under","Decreased"
"380","Neoleptoneta myopica ","Invertebrate ",1994,-2,0.63,"$182,419 ","Under","Decreased"
"381","Neonympha.mitchellii.mitchellii","Invertebrate",1998,-2,0.53,"159445","Under","Decreased"
"382","Rhadine persephone ","Invertebrate ",1994,-2,0.44,"$182,419 ","Under","Decreased"
"383","Texamaurops reddelli ","Invertebrate ",1994,-2,0.44,"$182,419 ","Under","Decreased"
"384","Amblema neislerii ","Invertebrate ",2003,-2,0.39,"$199,281 ","Under","Decreased"
"385","Texella reddelli ","Invertebrate ",1994,-2,0.33,"$182,419 ","Under","Decreased"
"386","Oxyloma haydeni kanabensis ","Invertebrate ",1995,-2,0.27,"$291,210 ","Under","Decreased"
"387","Heterelmis comalensis ","Invertebrate ",1996,-2,0.15,"$200,152 ","Under","Decreased"
"388","Microhexura montivaga ","Invertebrate ",1998,-2,0.14,"$74,598 ","Under","Decreased"
"389","Euproserpinus euterpe ","Invertebrate ",1984,-2,0.08,"$192,043 ","Under","Decreased"
"390","Heraclides aristodemus ponceanus ","Invertebrate ",1989,-2,0.03,"$5,627,059 ","Under","Decreased"
"391","Elliptoideus sloatianus ","Invertebrate ",2003,-1,0.38,"$199,281 ","Under","Decreased"
"392","Speyeria zerene myrtleae ","Invertebrate ",1998,-1,0.36,"$32,204 ","Under","Decreased"
"393","Palaemonias alabamae ","Invertebrate ",1997,-1,0.35,"$87,967 ","Under","Decreased"
"394","Leptoxis plicata ","Invertebrate ",2005,-1,0.29,"$24,792 ","Under","Decreased"
"395","Pyrgulopsis ogmorhaphe ","Invertebrate ",1995,-1,0.18,"$34,425 ","Under","Decreased"
"396","Alasmidonta atropurpurea ","Invertebrate ",2004,-1,0.17,"$185,755 ","Under","Decreased"
"397","Leptoxis taeniata ","Invertebrate ",2005,-1,0.13,"$24,792 ","Under","Decreased"
"398","Lepyrium showalteri ","Invertebrate ",2005,-1,0.13,"$24,792 ","Under","Decreased"
"399","Elimia crenatella ","Invertebrate ",2005,-1,0.12,"$24,792 ","Under","Decreased"
"400","Erinna newcombi ","Invertebrate ",2006,-1,0.12,"$209,629 ","Under","Decreased"
"401","Branchinecta longiantenna ","Invertebrate ",2006,-1,0.1,"$2,084,542 ","Under","Decreased"
"402","Branchinecta conservatio ","Invertebrate ",2006,-1,0.09,"$2,084,542 ","Under","Decreased"
"403","Mesodon clarki nantahala ","Invertebrate ",1984,-1,0.05,"$20,907 ","Under","Decreased"
"404","Apodemia mormo langei ","Invertebrate ",1984,-1,0.04,"$1,029,155 ","Under","Decreased"
"405","Batrisodes venyivi ","Invertebrate ",2011,-1,0.01,"$1,580,600 ","Under","Decreased"
"406","Neoleptoneta microps ","Invertebrate ",2011,-1,0.01,"$1,580,600 ","Under","Decreased"
"407","Cicurina vespera ","Invertebrate ",2011,-1,0.01,"$1,580,600 ","Under","Decreased"
"408","Cambarus aculabrum ","Invertebrate ",1996,0,0.75,"$89,293 ","Under","No Change"
"409","Callophrys mossii bayensis ","Invertebrate ",1984,0,0.72,"$52,453 ","Under","No Change"
"410","Lanx sp. ","Invertebrate ",1995,0,0.61,"$71,176 ","Under","No Change"
"411","Pyrgulopsis neomexicana ","Invertebrate ",1994,0,0.49,"$7,929 ","Under","No Change"
"412","Lampsilis subangulata ","Invertebrate ",2003,0,0.38,"$199,281 ","Under","No Change"
"413","Ambrysus amargosus ","Invertebrate ",1990,0,0.36,"$68,094 ","Under","No Change"
"414","Anguispira picta ","Invertebrate ",1982,0,0.33,"$14,460 ","Under","No Change"
"415","Lycaeides melissa samuelis ","Invertebrate ",2003,0,0.33,"$1,950,720 ","Under","No Change"
"416","Medionidus penicillatus ","Invertebrate ",2003,0,0.27,"$199,281 ","Under","No Change"
"417","Pseudocopaeodes eunus obscurus ","Invertebrate ",2007,0,0.24,"$310,884 ","Under","No Change"
"418","Mesodon magazinensis ","Invertebrate ",1994,0,0.21,"$18,317 ","Under","No Change"
"419","Adelocosa anops ","Invertebrate ",2006,0,0.21,"$99,905 ","Under","No Change"
"420","Epioblasma florentina florentina ","Invertebrate ",1985,0,0.21,"$19,168 ","Under","No Change"
"421","Spelaeorchestia koloana ","Invertebrate ",2006,0,0.2,"$99,905 ","Under","No Change"
"422","Epioblasma turgidula ","Invertebrate ",1985,0,0.18,"$19,168 ","Under","No Change"
"423","Pyrgulopsis pachyta ","Invertebrate ",1994,0,0.18,"$24,264 ","Under","No Change"
"424","Brychius hungerfordi ","Invertebrate ",2006,0,0.17,"$137,653 ","Under","No Change"
"425","Athearnia.anthonyi","Invertebrate",1997,0,0.15,"55693","Under","No Change"
"426","Lycaeides argyrognomon lotis ","Invertebrate ",1985,0,0.15,"$102,352 ","Under","No Change"
"427","Epioblasma torulosa torulosa ","Invertebrate ",1985,0,0.13,"$57,505 ","Under","No Change"
"428","Elliptio chipolaensis ","Invertebrate ",2003,0,0.13,"$199,281 ","Under","No Change"
"429","Polygyriscus virginianus ","Invertebrate ",1983,0,0.12,"$39,000 ","Under","No Change"
"430","Cambarus zophonastes ","Invertebrate ",1988,0,0.12,"$58,772 ","Under","No Change"
"431","Manduca blackburni ","Invertebrate ",2005,0,0.06,"$1,106,700 ","Under","No Change"
"432","Lampsilis streckeri ","Invertebrate ",1992,0,0.04,"$285,520 ","Under","No Change"
"433","Palaemonias ganteri ","Invertebrate ",1988,0,0.04,"$369,703 ","Under","No Change"
"434","Syncaris pacifica ","Invertebrate ",1998,0,0.03,"$2,841,911 ","Under","No Change"
"435","Lirceus usdagalun ","Invertebrate ",1997,0,0.02,"$365,158 ","Under","No Change"
"436","Elaphrus viridis ","Invertebrate ",2006,0,0.02,"$2,084,542 ","Under","No Change"
"437","Speyeria zerene behrensii ","Invertebrate ",2004,0,0.01,"$3,133,733 ","Under","No Change"
"438","Discus macclintocki ","Invertebrate ",1984,1,0.79,"$61,973 ","Under","Increased"
"439","Ptychobranchus greenii ","Invertebrate ",2000,1,0.58,"$52,466 ","Under","Increased"
"440","Tryonia alamosae ","Invertebrate ",1994,1,0.39,"$7,929 ","Under","Increased"
"441","Medionidus simpsonianus ","Invertebrate ",2003,1,0.19,"$199,281 ","Under","Increased"
"442","Euphilotes battoides allyni ","Invertebrate ",1998,1,0.15,"$487,960 ","Under","Increased"
"443","Margaritifera hembeli ","Invertebrate ",1990,1,0.1,"$515,607 ","Under","Increased"
"444","Thermosphaeroma thermophilus ","Invertebrate ",1982,1,0.1,"$52,618 ","Under","Increased"
"445","Boloria acrocnema ","Invertebrate ",1994,3,0.33,"$83,733 ","Under","Increased"
"446","Hesperia leonardus montana ","Invertebrate ",1998,3,0.15,"$56,723 ","Under","Increased"
"447","Antrolana lira ","Invertebrate ",1996,3,0.11,"$114,947 ","Under","Increased"
"448","Tulotoma magnifica ","Invertebrate ",2000,6,0.37,"$52,466 ","Under","Increased"
"449","Potamilus capax ","Invertebrate ",1989,7,0.13,"$1,106,067 ","Under","Increased"
"450","Pteropus mariannus mariannus ","Mammal ",1990,-10,0.28,"$535,653 ","Under","Decreased"
"451","Dipodomys heermanni morroensis ","Mammal ",2000,-8,0.22,"$579,960 ","Under","Decreased"
"452","Dipodomys nitratoides nitratoides ","Mammal ",1998,-8,0.2,"$1,303,380 ","Under","Decreased"
"453","Dipodomys ingens ","Mammal ",1998,-8,0.15,"$1,303,380 ","Under","Decreased"
"454","Rangifer tarandus caribou ","Mammal ",1994,-7,0.6,"$445,531 ","Under","Decreased"
"455","Myotis sodalis ","Mammal ",2007,-7,0.2,"$16,655,800 ","Under","Decreased"
"456","Leopardus pardalis ","Mammal ",2010,-7,0.03,"$9,478,406 ","Under","Decreased"
"457","Sylvilagus palustris hefneri ","Mammal ",1989,-7,0.02,"$5,627,059 ","Under","Decreased"
"458","Trichechus manatus ","Mammal ",2001,-6,0.42,"$13,200,000 ","Under","Decreased"
"459","Tamiasciurus hudsonicus grahamensis ","Mammal ",2011,-6,0.19,"$612,990 ","Under","Decreased"
"460","Neotoma floridana smalli ","Mammal ",1989,-6,0.03,"$5,627,059 ","Under","Decreased"
"461","Reithrodontomys raviventris ","Mammal ",2014,-4,0.11,"$5,183,564 ","Under","Decreased"
"462","Puma concolor ","Mammal ",2008,-3,0.72,"$3,834,000 ","Under","Decreased"
"463","Perognathus longimembris pacificus ","Mammal ",1998,-3,0.41,"$429,000 ","Under","Decreased"
"464","Antilocapra americana sonoriensis ","Mammal ",1998,-3,0.34,"$1,844,700 ","Under","Decreased"
"465","Monachus schauinslandi ","Mammal ",2007,-3,0.17,"$8,044,960 ","Under","Decreased"
"466","Dipodomys nitratoides exilis ","Mammal ",1998,-3,0.08,"$1,303,380 ","Under","Decreased"
"467","Peromyscus polionotus trissyllepsis ","Mammal ",1987,-3,0.06,"$2,364,880 ","Under","Decreased"
"468","Peromyscus gossypinus allapaticola ","Mammal ",1989,-3,0.02,"$5,627,059 ","Under","Decreased"
"469","Oryzomys.palustris.natator","Mammal",1989,-3,0.01,"5627059","Under","Decreased"
"470","Sylvilagus bachmani riparius ","Mammal ",1998,-2,0.78,"$1,303,363 ","Under","Decreased"
"471","Microtus californicus scirpensis ","Mammal ",1997,-2,0.59,"$61,142 ","Under","Decreased"
"472","Orcinus orca ","Mammal ",2008,-2,0.37,"$3,248,640 ","Under","Decreased"
"473","Delphinapterus leucas ","Mammal ",2008,-2,0.34,"$1,862,136 ","Under","Decreased"
"474","Eumetopias jubatus ","Mammal ",2008,-1,0.66,"$20,269,440 ","Under","Decreased"
"475","Balaena glacialis ","Mammal ",2010,-1,0.37,"$9,658,490 ","Under","Decreased"
"476","Corynorhinus townsendii ingens ","Mammal ",1995,-1,0.29,"$488,376 ","Under","Decreased"
"477","Neotoma fuscipes riparia ","Mammal ",1998,-1,0.1,"$1,303,363 ","Under","Decreased"
"478","Cynomys parvidens ","Mammal ",2012,-1,0.06,"$3,889,280 ","Under","Decreased"
"479","Sorex ornatus relictus ","Mammal ",1998,-1,0.06,"$1,303,363 ","Under","Decreased"
"480","Microtus mexicanus hualpaiensis ","Mammal ",1991,-1,0.06,"$382,014 ","Under","Decreased"
"481","Glaucomys sabrinus coloratus ","Mammal ",1990,0,0.31,"$121,040 ","Under","No Change"
"482","Lasiurus cinereus semotus ","Mammal ",1998,0,0.26,"$888,745 ","Under","No Change"
"483","Aplodontia rufa nigra ","Mammal ",1998,0,0.17,"$299,442 ","Under","No Change"
"484","Balaenoptera borealis ","Mammal ",2012,0,0.14,"$1,235,176 ","Under","No Change"
"485","Balaenoptera physalus ","Mammal ",2006,0,0.12,"$1,401,280 ","Under","No Change"
"486","Microtus pennsylvanicus dukecampbelli ","Mammal ",1997,0,0.12,"$60,900 ","Under","No Change"
"487","Peromyscus polionotus peninsularis ","Mammal ",2010,0,0.12,"$456,383 ","Under","No Change"
"488","Puma concolor couguar ","Mammal ",1982,0,0.11,"$96,400 ","Under","No Change"
"489","Enhydra lutris kenyoni ","Mammal ",2013,0,0.1,"$3,060,000 ","Under","No Change"
"490","Odocoileus virginianus clavium ","Mammal ",1989,0,0.09,"$5,627,059 ","Under","No Change"
"491","Physeter catodon ","Mammal ",2010,0,0.09,"$4,533,174 ","Under","No Change"
"492","Herpailurus yagouaroundi cacomitli ","Mammal ",2013,0,0.07,"$2,921,863 ","Under","No Change"
"493","Pteropus tokudae ","Mammal ",1990,0,0.04,"$535,653 ","Under","No Change"
"494","Spermophilus brunneus brunneus ","Mammal ",2003,1,0.56,"$386,842 ","Under","Increased"
"495","Urocyon littoralis littoralis ","Mammal ",2012,1,0.48,"$392,198 ","Under","Increased"
"496","Urocyon littoralis santarosae ","Mammal ",2012,1,0.45,"$392,198 ","Under","Increased"
"497","Urocyon littoralis santacruzae ","Mammal ",2012,1,0.33,"$392,198 ","Under","Increased"
"498","Leptonycteris nivalis ","Mammal ",1994,1,0.04,"$807,765 ","Under","Increased"
"499","Ovis canadensis nelsoni ","Mammal ",2000,1,0.01,"$19,778,310 ","Under","Increased"
"500","Ursus arctos horribilis ","Mammal ",1993,2,0.65,"$6,535,527 ","Under","Increased"
"501","Urocyon littoralis catalinae ","Mammal ",2012,2,0.07,"$392,198 ","Under","Increased"
"502","Leptonycteris curasoae yerbabuenae ","Mammal ",1997,3,0.69,"$307,690 ","Under","Increased"
"503","Balaenoptera musculus ","Mammal ",1998,3,0.33,"$448,162 ","Under","Increased"
"504","Glaucomys sabrinus fuscus ","Mammal ",1990,4,0.86,"$121,040 ","Under","Increased"
"505","Canis rufus ","Mammal ",1990,4,0.63,"$1,337,077 ","Under","Increased"
"506","Ovis canadensis sierrae ","Mammal ",2008,4,0.48,"$1,173,420 ","Under","Increased"
"507","Megaptera novaeangliae ","Mammal ",1991,4,0.1,"$9,815,400 ","Under","Increased"
"508","Odocoileus virginianus leucurus ","Mammal ",1983,8,0.81,"$257,400 ","Under","Increased"
"509","Mustela nigripes ","Mammal ",2013,9,0.26,"$6,249,200 ","Under","Increased"
"510","Torreya taxifolia ","Plant ",1986,-10,0.15,"$122,830 ","Under","Decreased"
"511","Sagittaria fasciculata ","Plant ",1983,-9,0.63,"$28,080 ","Under","Decreased"
"512","Spiranthes parksii ","Plant ",1984,-9,0.29,"$109,013 ","Under","Decreased"
"513","Chamaesyce.deltoidea.deltoidea","Plant",1989,-9,0.01,"5625059","Under","Decreased"
"514","Sidalcea pedata ","Plant ",1998,-8,0.85,"$33,748 ","Under","Decreased"
"515","Prunus geniculata ","Plant ",1996,-8,0.55,"$83,599 ","Under","Decreased"
"516","Lilium occidentale ","Plant ",1998,-8,0.51,"$197,054 ","Under","Decreased"
"517","Phacelia argillacea ","Plant ",1982,-8,0.49,"$14,862 ","Under","Decreased"
"518","Amsinckia grandiflora ","Plant ",1997,-8,0.32,"$139,744 ","Under","Decreased"
"519","Lupinus aridorum ","Plant ",1996,-8,0.19,"$83,599 ","Under","Decreased"
"520","Caesalpinia kavaiense ","Plant ",1994,-8,0.09,"$286,000 ","Under","Decreased"
"521","Warea amplexifolia ","Plant ",1993,-8,0.03,"$131,215 ","Under","Decreased"
"522","Limnanthes floccosa californica ","Plant ",2006,-8,0.02,"$2,084,542 ","Under","Decreased"
"523","Kokia cookei ","Plant ",1998,-8,0.02,"$313,860 ","Under","Decreased"
"524","Acanthomintha obovata duttonii ","Plant ",1998,-8,0,"$4,415,840 ","Under","Decreased"
"525","Cereus eriophorus fragrans ","Plant ",1989,-8,0,"$5,627,059 ","Under","Decreased"
"526","Galactia smallii ","Plant ",1989,-8,0,"$5,627,059 ","Under","Decreased"
"527","Eriogonum ovalifolium williamsiae ","Plant ",1995,-7,0.36,"$57,400 ","Under","Decreased"
"528","Dicerandra immaculata ","Plant ",1989,-7,0.11,"$5,627,059 ","Under","Decreased"
"529","Spigelia gentianoides ","Plant ",2012,-7,0.11,"$75,705 ","Under","Decreased"
"530","Alectryon macrococcus ","Plant ",1997,-7,0.04,"$1,105,024 ","Under","Decreased"
"531","Callirhoe scabriuscula ","Plant ",1985,-7,0.01,"$433,648 ","Under","Decreased"
"532","Tuctoria mucronata ","Plant ",2006,-7,0.01,"$2,084,542 ","Under","Decreased"
"533","Arenaria paludicola ","Plant ",1998,-6,0.77,"$38,233 ","Under","Decreased"
"534","Isodendrion hosakae ","Plant ",1994,-6,0.71,"$64,917 ","Under","Decreased"
"535","Pediocactus despainii ","Plant ",1995,-6,0.61,"$20,400 ","Under","Decreased"
"536","Chorizanthe pungens hartwegiana ","Plant ",1998,-6,0.6,"$33,348 ","Under","Decreased"
"537","Rhus michauxii ","Plant ",1993,-6,0.58,"$144,900 ","Under","Decreased"
"538","Stephanomeria malheurensis ","Plant ",1991,-6,0.47,"$56,007 ","Under","Decreased"
"539","Erysimum teretifolium ","Plant ",1998,-6,0.45,"$33,348 ","Under","Decreased"
"540","Flueggea neowawraea ","Plant ",1999,-6,0.42,"$135,600 ","Under","Decreased"
"541","Brighamia insignis ","Plant ",1995,-6,0.34,"$66,531 ","Under","Decreased"
"542","Potentilla hickmanii ","Plant ",2004,-6,0.3,"$33,723 ","Under","Decreased"
"543","Clarkia speciosa immaculata ","Plant ",1998,-6,0.28,"$46,065 ","Under","Decreased"
"544","Asclepias meadii ","Plant ",2003,-6,0.21,"$251,037 ","Under","Decreased"
"545","Dicerandra cornutissima ","Plant ",1987,-6,0.13,"$7,858 ","Under","Decreased"
"546","Poa mannii ","Plant ",1995,-6,0.08,"$66,531 ","Under","Decreased"
"547","Berberis pinnata insularis ","Plant ",2000,-6,0.08,"$134,792 ","Under","Decreased"
"548","Castilleja campestris succulenta ","Plant ",2006,-6,0.03,"$2,084,542 ","Under","Decreased"
"549","Ranunculus aestivalis ","Plant ",1991,-6,0.02,"$228,000 ","Under","Decreased"
"550","Hibiscadelphus woodii ","Plant ",1998,-6,0.02,"$173,495 ","Under","Decreased"
"551","Serianthes nelsonii ","Plant ",1994,-6,0.02,"$343,187 ","Under","Decreased"
"552","Coryphantha ramillosa ","Plant ",1990,-6,0.02,"$139,493 ","Under","Decreased"
"553","Ziziphus celata ","Plant ",1989,-6,0.01,"$5,627,059 ","Under","Decreased"
"554","Dicerandra frutescens ","Plant ",1989,-6,0,"$5,627,059 ","Under","Decreased"
"555","Crotalaria avonensis ","Plant ",1989,-6,0,"$5,627,059 ","Under","Decreased"
"556","Amorpha crenulata ","Plant ",1989,-6,0,"$5,627,059 ","Under","Decreased"
"557","Deeringothamnus.pulchellus","Plant",1989,-6,0,"5625059","Under","Decreased"
"558","Colubrina oppositifolia ","Plant ",1996,-5,0.85,"$33,265 ","Under","Decreased"
"559","Cyanea humboldtiana ","Plant ",1998,-5,0.76,"$48,051 ","Under","Decreased"
"560","Rorippa gambellii ","Plant ",1998,-5,0.6,"$38,233 ","Under","Decreased"
"561","Schoenocrambe suffrutescens ","Plant ",1994,-5,0.57,"$14,304 ","Under","Decreased"
"562","Eugenia koolauensis ","Plant ",1998,-5,0.51,"$48,051 ","Under","Decreased"
"563","Silene polypetala ","Plant ",1996,-5,0.35,"$29,107 ","Under","Decreased"
"564","Pentachaeta lyonii ","Plant ",1999,-5,0.33,"$62,440 ","Under","Decreased"
"565","Argemone pleiacantha pinnatisecta ","Plant ",1994,-5,0.3,"$77,087 ","Under","Decreased"
"566","Astragalus applegatei ","Plant ",1998,-5,0.27,"$149,490 ","Under","Decreased"
"567","Helianthus schweinitzii ","Plant ",1994,-5,0.26,"$183,167 ","Under","Decreased"
"568","Clermontia drepanomorpha ","Plant ",1996,-5,0.23,"$33,265 ","Under","Decreased"
"569","Coryphantha robbinsorum ","Plant ",1993,-5,0.18,"$44,436 ","Under","Decreased"
"570","Isodendrion laurifolium ","Plant ",1999,-5,0.17,"$135,600 ","Under","Decreased"
"571","Nolina brittoniana ","Plant ",1996,-5,0.15,"$83,599 ","Under","Decreased"
"572","Euphorbia haeleeleana ","Plant ",1999,-5,0.14,"$135,600 ","Under","Decreased"
"573","Panicum fauriei carteri ","Plant ",1993,-5,0.13,"$43,639 ","Under","Decreased"
"574","Hibiscus arnottianus immaculatus ","Plant ",1996,-5,0.12,"$114,626 ","Under","Decreased"
"575","Dalea foliosa ","Plant ",1996,-5,0.12,"$281,940 ","Under","Decreased"
"576","Isodendrion longifolium ","Plant ",1999,-5,0.12,"$135,600 ","Under","Decreased"
"577","Cyrtandra crenata ","Plant ",1998,-5,0.12,"$48,051 ","Under","Decreased"
"578","Silene perlmanii ","Plant ",1998,-5,0.11,"$48,051 ","Under","Decreased"
"579","Geum radiatum ","Plant ",1993,-5,0.11,"$101,430 ","Under","Decreased"
"580","Daphnopsis hellerana ","Plant ",1992,-5,0.1,"$49,247 ","Under","Decreased"
"581","Hibiscadelphus giffardianus ","Plant ",1998,-5,0.09,"$77,996 ","Under","Decreased"
"582","Sicyos alba ","Plant ",1998,-5,0.08,"$77,996 ","Under","Decreased"
"583","Thysanocarpus conchuliferus ","Plant ",2000,-5,0.07,"$134,792 ","Under","Decreased"
"584","Hedyotis cookiana ","Plant ",1995,-5,0.06,"$66,531 ","Under","Decreased"
"585","Lasthenia conjugens ","Plant ",2006,-5,0.06,"$2,084,542 ","Under","Decreased"
"586","Melicope haupuensis ","Plant ",1995,-5,0.06,"$66,531 ","Under","Decreased"
"587","Myrsine linearifolia ","Plant ",1998,-5,0.06,"$173,495 ","Under","Decreased"
"588","Schiedea membranacea ","Plant ",1998,-5,0.04,"$173,495 ","Under","Decreased"
"589","Chamaecrista glandulosa mirabilis ","Plant ",1994,-5,0.04,"$59,922 ","Under","Decreased"
"590","Schiedea stellarioides ","Plant ",1998,-5,0.02,"$173,495 ","Under","Decreased"
"591","Tetramolopium remyi ","Plant ",1995,-5,0.02,"$242,844 ","Under","Decreased"
"592","Tuctoria greenei ","Plant ",2006,-5,0.02,"$2,084,542 ","Under","Decreased"
"593","Oenothera deltoides howellii ","Plant ",1984,-5,0.01,"$1,029,155 ","Under","Decreased"
"594","Orcuttia pilosa ","Plant ",2006,-5,0.01,"$2,084,542 ","Under","Decreased"
"595","Chamaesyce hooveri ","Plant ",2006,-5,0.01,"$2,084,542 ","Under","Decreased"
"596","Kanaloa kahoolawensis ","Plant ",2002,-5,0.01,"$467,720 ","Under","Decreased"
"597","Dudleya setchellii ","Plant ",1998,-5,0.01,"$4,415,840 ","Under","Decreased"
"598","Eryngium constancei ","Plant ",2006,-5,0,"$2,084,542 ","Under","Decreased"
"599","Asimina tetramera ","Plant ",1989,-5,0,"$5,627,059 ","Under","Decreased"
"600","Eryngium cuneifolium ","Plant ",1989,-5,0,"$5,627,059 ","Under","Decreased"
"601","Warea.carteri","Plant",1989,-5,0,"5625059","Under","Decreased"
"602","Tetraplasandra gymnocarpa ","Plant ",1998,-4,0.83,"$48,051 ","Under","Decreased"
"603","Hesperomannia arbuscula ","Plant ",1998,-4,0.56,"$48,051 ","Under","Decreased"
"604","Schiedea kealiae ","Plant ",1998,-4,0.5,"$48,051 ","Under","Decreased"
"605","Lipochaeta venosa ","Plant ",1994,-4,0.5,"$64,917 ","Under","Decreased"
"606","Lupinus tidestromii ","Plant ",1998,-4,0.49,"$32,204 ","Under","Decreased"
"607","Sidalcea nelsoniana ","Plant ",2010,-4,0.48,"$306,421 ","Under","Decreased"
"608","Poa siphonoglossa ","Plant ",1995,-4,0.46,"$66,531 ","Under","Decreased"
"609","Sisyrinchium dichotomum ","Plant ",1995,-4,0.44,"$104,550 ","Under","Decreased"
"610","Eriogonum longifolium gnaphalifolium ","Plant ",1996,-4,0.43,"$83,599 ","Under","Decreased"
"611","Pleomele hawaiiensis ","Plant ",1998,-4,0.43,"$77,996 ","Under","Decreased"
"612","Melicope lydgatei ","Plant ",1998,-4,0.38,"$48,051 ","Under","Decreased"
"613","Dudleya cymosa ovatifolia ","Plant ",1999,-4,0.36,"$62,440 ","Under","Decreased"
"614","Schiedea nuttallii ","Plant ",1999,-4,0.36,"$135,600 ","Under","Decreased"
"615","Astragalus brauntonii ","Plant ",1999,-4,0.33,"$62,440 ","Under","Decreased"
"616","Sanicula purpurea ","Plant ",1999,-4,0.32,"$135,600 ","Under","Decreased"
"617","Pityopsis ruthii ","Plant ",1992,-4,0.3,"$53,950 ","Under","Decreased"
"618","Isoetes tegetiformans ","Plant ",1993,-4,0.3,"$8,944 ","Under","Decreased"
"619","Sclerocactus wrightiae ","Plant ",1985,-4,0.26,"$93,672 ","Under","Decreased"
"620","Schiedea adamantis ","Plant ",1994,-4,0.24,"$33,537 ","Under","Decreased"
"621","Oxypolis canbyi ","Plant ",1990,-4,0.24,"$154,563 ","Under","Decreased"
"622","Phyllostegia racemosa ","Plant ",1998,-4,0.22,"$77,996 ","Under","Decreased"
"623","Arctostaphylos pallida ","Plant ",2014,-4,0.21,"$41,704 ","Under","Decreased"
"624","Plantago hawaiensis ","Plant ",1996,-4,0.2,"$33,265 ","Under","Decreased"
"625","Astragalus osterhoutii ","Plant ",1992,-4,0.19,"$35,828 ","Under","Decreased"
"626","Vicia menziesii ","Plant ",1984,-4,0.17,"$48,533 ","Under","Decreased"
"627","Melicope knudsenii ","Plant ",1995,-4,0.17,"$66,531 ","Under","Decreased"
"628","Pteralyxia kauaiensis ","Plant ",1995,-4,0.13,"$66,531 ","Under","Decreased"
"629","Cyanea grimesiana grimesiana ","Plant ",1999,-4,0.11,"$135,600 ","Under","Decreased"
"630","Castilleja mollis ","Plant ",2000,-4,0.1,"$134,792 ","Under","Decreased"
"631","Hibiscadelphus hualalaiensis ","Plant ",1998,-4,0.1,"$77,996 ","Under","Decreased"
"632","Adenophorus periens ","Plant ",1999,-4,0.1,"$135,600 ","Under","Decreased"
"633","Lipochaeta waimeaensis ","Plant ",1995,-4,0.09,"$66,531 ","Under","Decreased"
"634","Nesogenes rotensis ","Plant ",2007,-4,0.09,"$255,211 ","Under","Decreased"
"635","Cyanea copelandii copelandii ","Plant ",1996,-4,0.08,"$33,265 ","Under","Decreased"
"636","Cyanea pinnatifida ","Plant ",1998,-4,0.08,"$48,051 ","Under","Decreased"
"637","Remya kauaiensis ","Plant ",1995,-4,0.08,"$66,531 ","Under","Decreased"
"638","Kokia drynarioides ","Plant ",1994,-4,0.08,"$286,000 ","Under","Decreased"
"639","Phyllostegia warshaueri ","Plant ",1998,-4,0.07,"$77,996 ","Under","Decreased"
"640","Phacelia insularis insularis ","Plant ",2000,-4,0.07,"$134,792 ","Under","Decreased"
"641","Hedyotis coriacea ","Plant ",1997,-4,0.05,"$1,105,024 ","Under","Decreased"
"642","Hedyotis purpurea montana ","Plant ",1996,-4,0.05,"$95,213 ","Under","Decreased"
"643","Buxus vahlii ","Plant ",1987,-4,0.05,"$61,500 ","Under","Decreased"
"644","Caulanthus californicus ","Plant ",1998,-4,0.05,"$1,303,380 ","Under","Decreased"
"645","Alsinidendron.lychnoides","Plant",1998,-4,0.4,"173495","Under","Decreased"
"646","Osmoxylon mariannense ","Plant ",2007,-4,0.04,"$255,211 ","Under","Decreased"
"647","Delissea rivularis ","Plant ",1998,-4,0.03,"$173,495 ","Under","Decreased"
"648","Cyanea recta ","Plant ",1998,-4,0.03,"$173,495 ","Under","Decreased"
"649","Opuntia treleasei ","Plant ",1998,-4,0.03,"$1,303,380 ","Under","Decreased"
"650","Kokia kauaiensis ","Plant ",1998,-4,0.03,"$173,495 ","Under","Decreased"
"651","Schiedea kauaiensis ","Plant ",1998,-4,0.03,"$173,495 ","Under","Decreased"
"652","Viola kauaiensis wahiawaensis ","Plant ",1998,-4,0.02,"$173,495 ","Under","Decreased"
"653","Cardamine micranthera ","Plant ",1991,-4,0.02,"$127,395 ","Under","Decreased"
"654","Labordia tinifolia wahiawaensis ","Plant ",1998,-4,0.02,"$173,495 ","Under","Decreased"
"655","Echinocereus viridiflorus davisii ","Plant ",1984,-4,0.02,"$104,533 ","Under","Decreased"
"656","Phyllostegia knudsenii ","Plant ",1998,-4,0.02,"$173,495 ","Under","Decreased"
"657","Clermontia samuelii ","Plant ",2002,-4,0.01,"$467,720 ","Under","Decreased"
"658","Neostapfia colusana ","Plant ",2006,-4,0.01,"$2,084,542 ","Under","Decreased"
"659","Dubautia plantaginea humilis ","Plant ",2002,-4,0.01,"$467,720 ","Under","Decreased"
"660","Acaena exigua ","Plant ",1997,-4,0.01,"$1,105,024 ","Under","Decreased"
"661","Labordia tinifolia lanaiensis ","Plant ",2002,-4,0.01,"$467,720 ","Under","Decreased"
"662","Streptanthus albidus albidus ","Plant ",1998,-4,0,"$4,415,840 ","Under","Decreased"
"663","Polygala lewtonii ","Plant ",1989,-4,0,"$5,627,059 ","Under","Decreased"
"664","Hypericum cumulicola ","Plant ",1989,-4,0,"$5,627,059 ","Under","Decreased"
"665","Dicerandra christmanii ","Plant ",1989,-4,0,"$5,627,059 ","Under","Decreased"
"666","Chamaesyce rockii ","Plant ",1998,-3,0.88,"$48,051 ","Under","Decreased"
"667","Phyllostegia hirsuta ","Plant ",1998,-3,0.88,"$48,051 ","Under","Decreased"
"668","Cyrtandra viridiflora ","Plant ",1998,-3,0.81,"$48,051 ","Under","Decreased"
"669","Lobelia gaudichaudii koolauensis ","Plant ",1998,-3,0.76,"$48,051 ","Under","Decreased"
"670","Alsinidendron obovatum ","Plant ",1998,-3,0.65,"$48,051 ","Under","Decreased"
"671","Labordia cyrtandrae ","Plant ",1998,-3,0.63,"$48,051 ","Under","Decreased"
"672","Abutilon sandwicense ","Plant ",1998,-3,0.62,"$48,051 ","Under","Decreased"
"673","Scutellaria floridana ","Plant ",1994,-3,0.62,"$15,308 ","Under","Decreased"
"674","Lepidium arbuscula ","Plant ",1998,-3,0.54,"$48,051 ","Under","Decreased"
"675","Vigna o-wahuensis ","Plant ",1999,-3,0.53,"$135,600 ","Under","Decreased"
"676","Phyllostegia velutina ","Plant ",1998,-3,0.49,"$77,996 ","Under","Decreased"
"677","Sclerocactus mesae-verdae ","Plant ",1984,-3,0.48,"$76,907 ","Under","Decreased"
"678","Cyanea shipmanii ","Plant ",1996,-3,0.47,"$33,265 ","Under","Decreased"
"679","Phyllostegia mollis ","Plant ",1998,-3,0.45,"$48,051 ","Under","Decreased"
"680","Schiedea kaalae ","Plant ",1998,-3,0.44,"$48,051 ","Under","Decreased"
"681","Fremontodendron californicum decumbens","Plant ",2002,-3,0.43,"$119,009 ","Under","Decreased"
"682","Polystichum calderonense ","Plant ",1995,-3,0.43,"$8,233 ","Under","Decreased"
"683","Plantago princeps ","Plant ",1999,-3,0.4,"$135,600 ","Under","Decreased"
"684","Lepidium barnebyanum ","Plant ",1993,-3,0.37,"$26,297 ","Under","Decreased"
"685","Trematolobelia singularis ","Plant ",1998,-3,0.37,"$48,051 ","Under","Decreased"
"686","Lobelia niihauensis ","Plant ",1998,-3,0.37,"$48,051 ","Under","Decreased"
"687","Hymenoxys texana ","Plant ",1990,-3,0.36,"$106,207 ","Under","Decreased"
"688","Bonamia.menziesii","Plant",1999,-3,0.36,"135600","Under","Decreased"
"689","Astragalus holmgreniorum ","Plant ",2006,-3,0.34,"$446,252 ","Under","Decreased"
"690","Astragalus phoenix ","Plant ",1990,-3,0.31,"$68,094 ","Under","Decreased"
"691","Cyrtandra giffardii ","Plant ",1996,-3,0.29,"$33,265 ","Under","Decreased"
"692","Adiantum vivesii ","Plant ",1995,-3,0.29,"$8,233 ","Under","Decreased"
"693","Ptilimnium nodosum ","Plant ",1991,-3,0.26,"$105,450 ","Under","Decreased"
"694","Isodendrion pyrifolium ","Plant ",1996,-3,0.23,"$33,265 ","Under","Decreased"
"695","Lesquerella pallida ","Plant ",1992,-3,0.19,"$100,430 ","Under","Decreased"
"696","Peucedanum sandwicense ","Plant ",1995,-3,0.19,"$66,531 ","Under","Decreased"
"697","Styrax portoricensis ","Plant ",1995,-3,0.18,"$19,176 ","Under","Decreased"
"698","Schiedea hookeri ","Plant ",1999,-3,0.17,"$135,600 ","Under","Decreased"
"699","Ochrosia kilaueaensis ","Plant ",1996,-3,0.16,"$33,265 ","Under","Decreased"
"700","Exocarpos luteolus ","Plant ",1995,-3,0.13,"$66,531 ","Under","Decreased"
"701","Clematis morefieldii ","Plant ",1994,-3,0.13,"$37,680 ","Under","Decreased"
"702","Gymnoderma lineare ","Plant ",1997,-3,0.13,"$139,683 ","Under","Decreased"
"703","Cyrtandra polyantha ","Plant ",1998,-3,0.12,"$48,051 ","Under","Decreased"
"704","Asclepias welshii ","Plant ",1992,-3,0.12,"$138,333 ","Under","Decreased"
"705","Gouania meyenii ","Plant ",1998,-3,0.11,"$48,051 ","Under","Decreased"
"706","Diellia erecta ","Plant ",1999,-3,0.11,"$135,600 ","Under","Decreased"
"707","Cyanea truncata ","Plant ",1998,-3,0.1,"$48,051 ","Under","Decreased"
"708","Pediocactus bradyi ","Plant ",1985,-3,0.09,"$139,603 ","Under","Decreased"
"709","Astragalus ampullarioides ","Plant ",2006,-3,0.09,"$446,252 ","Under","Decreased"
"710","Panicum niihauense ","Plant ",1999,-3,0.08,"$135,600 ","Under","Decreased"
"711","Schiedea spergulina spergulina ","Plant ",1995,-3,0.08,"$66,531 ","Under","Decreased"
"712","Gilia tenuiflora hoffmannii ","Plant ",2000,-3,0.08,"$134,792 ","Under","Decreased"
"713","Cyrtandra limahuliensis ","Plant ",1995,-3,0.08,"$66,531 ","Under","Decreased"
"714","Arabis hoffmannii ","Plant ",2000,-3,0.08,"$134,792 ","Under","Decreased"
"715","Melicope saint-johnii ","Plant ",1998,-3,0.08,"$48,051 ","Under","Decreased"
"716","Zanthoxylum dipetalum tomentosum ","Plant ",1998,-3,0.07,"$77,996 ","Under","Decreased"
"717","Centaurium sebaeoides ","Plant ",1999,-3,0.07,"$135,600 ","Under","Decreased"
"718","Chamaesyce deppeana ","Plant ",1998,-3,0.07,"$48,051 ","Under","Decreased"
"719","Cyathea dryopteroides ","Plant ",1991,-3,0.07,"$29,070 ","Under","Decreased"
"720","Astragalus cremnophylax cremnophylax ","Plant ",2006,-3,0.07,"$223,416 ","Under","Decreased"
"721","Eragrostis fosbergii ","Plant ",1998,-3,0.07,"$48,051 ","Under","Decreased"
"722","Chamaesyce kuwaleana ","Plant ",1998,-3,0.07,"$48,051 ","Under","Decreased"
"723","Diellia pallida ","Plant ",1995,-3,0.07,"$66,531 ","Under","Decreased"
"724","Echinocereus chisoensis chisoensis ","Plant ",1993,-3,0.06,"$132,805 ","Under","Decreased"
"725","Neraudia sericea ","Plant ",1999,-3,0.06,"$135,600 ","Under","Decreased"
"726","Poa sandvicensis ","Plant ",1995,-3,0.06,"$66,531 ","Under","Decreased"
"727","Asplenium scolopendrium americanum ","Plant ",1993,-3,0.06,"$120,170 ","Under","Decreased"
"728","Dubautia latifolia ","Plant ",1995,-3,0.06,"$66,531 ","Under","Decreased"
"729","Lipochaeta micrantha ","Plant ",1995,-3,0.05,"$66,531 ","Under","Decreased"
"730","Silene alexandri ","Plant ",1996,-3,0.05,"$109,168 ","Under","Decreased"
"731","Stenogyne bifida ","Plant ",1996,-3,0.05,"$114,626 ","Under","Decreased"
"732","Clermontia.oblongifolia.brevipes","Plant",1996,-3,0.05,"114626","Under","Decreased"
"733","Ilex cookii ","Plant ",1991,-3,0.05,"$29,070 ","Under","Decreased"
"734","Santalum freycinetianum lanaiense ","Plant ",1995,-3,0.05,"$242,844 ","Under","Decreased"
"735","Labordia lydgatei ","Plant ",1994,-3,0.04,"$130,612 ","Under","Decreased"
"736","Solanum drymophilum ","Plant ",1992,-3,0.04,"$104,303 ","Under","Decreased"
"737","Melicope reflexa ","Plant ",1996,-3,0.04,"$114,626 ","Under","Decreased"
"738","Schiedea lydgatei ","Plant ",1996,-3,0.04,"$114,626 ","Under","Decreased"
"739","Pritchardia viscosa ","Plant ",1998,-3,0.03,"$173,495 ","Under","Decreased"
"740","Hibiscus waimeae hannerae ","Plant ",1998,-3,0.03,"$173,495 ","Under","Decreased"
"741","Amaranthus brownii ","Plant ",1998,-3,0.02,"$135,884 ","Under","Decreased"
"742","Cryptantha crassipes ","Plant ",1994,-3,0.02,"$209,464 ","Under","Decreased"
"743","Cyanea remyi ","Plant ",1998,-3,0.02,"$173,495 ","Under","Decreased"
"744","Cyanea glabra ","Plant ",2002,-3,0.02,"$467,720 ","Under","Decreased"
"745","Echinomastus mariposensis ","Plant ",1990,-3,0.02,"$146,316 ","Under","Decreased"
"746","Phyllostegia glabra lanaiensis ","Plant ",1995,-3,0.02,"$242,844 ","Under","Decreased"
"747","Pilosocereus robinii ","Plant ",1989,-3,0.01,"$5,627,059 ","Under","Decreased"
"748","Geranium multiflorum ","Plant ",1997,-3,0.01,"$1,105,024 ","Under","Decreased"
"749","Geranium arboreum ","Plant ",1997,-3,0.01,"$1,105,024 ","Under","Decreased"
"750","Argyroxiphium sandwicense macrocephalum ","Plant ",1997,-3,0.01,"$1,105,024 ","Under","Decreased"
"751","Hedyotis schlechtendahliana remyi ","Plant ",2002,-3,0.01,"$467,720 ","Under","Decreased"
"752","Orcuttia viscida ","Plant ",2006,-3,0.01,"$2,084,542 ","Under","Decreased"
"753","Tetramolopium capillare ","Plant ",1997,-3,0.01,"$1,105,024 ","Under","Decreased"
"754","Melicope munroi ","Plant ",2002,-3,0.01,"$467,720 ","Under","Decreased"
"755","Mariscus fauriei ","Plant ",1997,-3,0.01,"$1,105,024 ","Under","Decreased"
"756","Melicope balloui ","Plant ",1997,-3,0,"$1,105,024 ","Under","Decreased"
"757","Lipochaeta kamolensis ","Plant ",1997,-3,0,"$1,105,024 ","Under","Decreased"
"758","Polygonella basiramia ","Plant ",1989,-3,0,"$5,627,059 ","Under","Decreased"
"759","Jacquemontia reclinata ","Plant ",1989,-3,0,"$5,627,059 ","Under","Decreased"
"760","Liatris ohlingerae ","Plant ",1989,-3,0,"$5,627,059 ","Under","Decreased"
"761","Cucurbita okeechobeensis okeechobeensis ","Plant ",1989,-3,0,"$5,627,059 ","Under","Decreased"
"762","Chorizanthe valida ","Plant ",1998,-2,0.89,"$32,204 ","Under","Decreased"
"763","Hesperomannia arborescens ","Plant ",1998,-2,0.88,"$48,051 ","Under","Decreased"
"764","Cyanea superba ","Plant ",1998,-2,0.72,"$48,051 ","Under","Decreased"
"765","Phyllostegia kaalaensis ","Plant ",1998,-2,0.72,"$48,051 ","Under","Decreased"
"766","Asplenium fragile insulare ","Plant ",1998,-2,0.69,"$121,090 ","Under","Decreased"
"767","Cyanea longiflora ","Plant ",1998,-2,0.65,"$48,051 ","Under","Decreased"
"768","Chorizanthe howellii ","Plant ",1998,-2,0.65,"$32,204 ","Under","Decreased"
"769","Cyanea grimesiana obatae ","Plant ",1998,-2,0.54,"$48,051 ","Under","Decreased"
"770","Alsinidendron trinerve ","Plant ",1998,-2,0.5,"$48,051 ","Under","Decreased"
"771","Cyanea crispa ","Plant ",1998,-2,0.49,"$48,051 ","Under","Decreased"
"772","Rhododendron chapmanii ","Plant ",1983,-2,0.43,"$54,600 ","Under","Decreased"
"773","Myrsine juddii ","Plant ",1998,-2,0.43,"$48,051 ","Under","Decreased"
"774","Clermontia.peleana","Plant",1996,-2,0.41,"33265","Under","Decreased"
"775","Diellia falcata ","Plant ",1998,-2,0.35,"$48,051 ","Under","Decreased"
"776","Pritchardia affinis ","Plant ",1996,-2,0.33,"$33,265 ","Under","Decreased"
"777","Pteris lidgatei ","Plant ",1998,-2,0.32,"$121,090 ","Under","Decreased"
"778","Goetzea elegans ","Plant ",1987,-2,0.28,"$64,917 ","Under","Decreased"
"779","Cyrtandra tintinnabula ","Plant ",1996,-2,0.26,"$33,265 ","Under","Decreased"
"780","Ischaemum byrone ","Plant ",1996,-2,0.26,"$33,265 ","Under","Decreased"
"781","Arabis perstellata ","Plant ",1997,-2,0.24,"$60,658 ","Under","Decreased"
"782","Sarracenia rubra jonesii ","Plant ",1990,-2,0.24,"$126,083 ","Under","Decreased"
"783","Auerodendron pauciflorum ","Plant ",1997,-2,0.23,"$15,708 ","Under","Decreased"
"784","Achyranthes splendens rotundata ","Plant ",1993,-2,0.22,"$30,112 ","Under","Decreased"
"785","Deinandra conjugens ","Plant ",2004,-2,0.21,"$1,018,264 ","Under","Decreased"
"786","Campanula robinsiae ","Plant ",1994,-2,0.2,"$17,035 ","Under","Decreased"
"787","Sarracenia rubra alabamensis ","Plant ",1992,-2,0.19,"$54,780 ","Under","Decreased"
"788","Stenogyne angustifolia angustifolia ","Plant ",1993,-2,0.18,"$278,262 ","Under","Decreased"
"789","Camissonia benitensis ","Plant ",2006,-2,0.18,"$180,496 ","Under","Decreased"
"790","Lyonia truncata proctorii ","Plant ",1995,-2,0.16,"$16,150 ","Under","Decreased"
"791","Cordia bellonis ","Plant ",1999,-2,0.15,"$37,333 ","Under","Decreased"
"792","Astragalus lentiginosus piscinensis ","Plant ",1998,-2,0.14,"$130,216 ","Under","Decreased"
"793","Mitracarpus maxwelliae ","Plant ",1998,-2,0.14,"$17,001 ","Under","Decreased"
"794","Plagiobothrys hirtus ","Plant ",2003,-2,0.13,"$362,712 ","Under","Decreased"
"795","Dudleya verityi ","Plant ",1999,-2,0.13,"$62,440 ","Under","Decreased"
"796","Dudleya abramsii parva ","Plant ",1999,-2,0.12,"$62,440 ","Under","Decreased"
"797","Harrisia portoricensis ","Plant ",1996,-2,0.12,"$36,507 ","Under","Decreased"
"798","Cyperus trachysanthos ","Plant ",1999,-2,0.12,"$135,600 ","Under","Decreased"
"799","Abronia macrocarpa ","Plant ",1992,-2,0.12,"$112,576 ","Under","Decreased"
"800","Sedum integrifolium leedyi ","Plant ",1998,-2,0.11,"$85,228 ","Under","Decreased"
"801","Cirsium pitcheri ","Plant ",2002,-2,0.1,"$525,382 ","Under","Decreased"
"802","Pediocactus peeblesianus peeblesianus ","Plant ",1984,-2,0.1,"$99,307 ","Under","Decreased"
"803","Gouania hillebrandii ","Plant ",1990,-2,0.1,"$36,312 ","Under","Decreased"
"804","Phyllostegia mannii ","Plant ",1996,-2,0.09,"$114,626 ","Under","Decreased"
"805","Calyptranthes thomasiana ","Plant ",1997,-2,0.09,"$41,567 ","Under","Decreased"
"806","Cornutia obovata ","Plant ",1992,-2,0.09,"$49,247 ","Under","Decreased"
"807","Purshia subintegra ","Plant ",1995,-2,0.09,"$188,037 ","Under","Decreased"
"808","Arctostaphylos confertiflora ","Plant ",2000,-2,0.08,"$134,792 ","Under","Decreased"
"809","Remya montgomeryi ","Plant ",1995,-2,0.08,"$66,531 ","Under","Decreased"
"810","Cyanea platyphylla ","Plant ",1998,-2,0.07,"$77,996 ","Under","Decreased"
"811","Malacothrix indecora ","Plant ",2000,-2,0.07,"$134,792 ","Under","Decreased"
"812","Aristida portoricensis ","Plant ",1994,-2,0.06,"$59,922 ","Under","Decreased"
"813","Cranichis ricartii ","Plant ",1996,-2,0.06,"$37,000 ","Under","Decreased"
"814","Stenogyne campanulata ","Plant ",1995,-2,0.06,"$66,531 ","Under","Decreased"
"815","Lembertia congdonii ","Plant ",1998,-2,0.06,"$1,303,363 ","Under","Decreased"
"816","Cyanea asarifolia ","Plant ",1995,-2,0.06,"$66,531 ","Under","Decreased"
"817","Labordia triflora ","Plant ",2002,-2,0.04,"$467,720 ","Under","Decreased"
"818","Schoepfia.arenaria","Plant",1992,-2,0.04,"107070","Under","Decreased"
"819","Cyanea procera ","Plant ",1996,-2,0.03,"$114,626 ","Under","Decreased"
"820","Alsinidendron viscosum ","Plant ",1998,-2,0.03,"$173,495 ","Under","Decreased"
"821","Cyanea undulata ","Plant ",1994,-2,0.03,"$130,612 ","Under","Decreased"
"822","Bidens micrantha kalealaha ","Plant ",1997,-2,0.03,"$1,105,024 ","Under","Decreased"
"823","Banara vanderbiltii ","Plant ",1991,-2,0.03,"$95,190 ","Under","Decreased"
"824","Hesperomannia lydgatei ","Plant ",1994,-2,0.02,"$130,612 ","Under","Decreased"
"825","Cyanea mannii ","Plant ",1996,-2,0.02,"$114,626 ","Under","Decreased"
"826","Phyllostegia wawrana ","Plant ",1998,-2,0.02,"$173,495 ","Under","Decreased"
"827","Potamogeton clystocarpus ","Plant ",1994,-2,0.02,"$135,543 ","Under","Decreased"
"828","Erysimum capitatum angustatum ","Plant ",1984,-2,0.02,"$1,029,155 ","Under","Decreased"
"829","Cyanea macrostegia gibsonii ","Plant ",1995,-2,0.02,"$242,844 ","Under","Decreased"
"830","Cyanea copelandii haleakalaensis ","Plant ",2002,-2,0.01,"$467,720 ","Under","Decreased"
"831","Gahnia lanaiensis ","Plant ",1995,-2,0.01,"$242,844 ","Under","Decreased"
"832","Coryphantha minima ","Plant ",1984,-2,0.01,"$95,573 ","Under","Decreased"
"833","Allium munzii ","Plant ",1997,-2,0.01,"$1,105,024 ","Under","Decreased"
"834","Quercus hinckleyi ","Plant ",1992,-2,0.01,"$196,013 ","Under","Decreased"
"835","Huperzia mannii ","Plant ",1997,-2,0.01,"$1,105,024 ","Under","Decreased"
"836","Melicope ovalis ","Plant ",1997,-2,0.01,"$1,105,024 ","Under","Decreased"
"837","Melicope mucronulata ","Plant ",1997,-2,0.01,"$1,105,024 ","Under","Decreased"
"838","Cyanea lobata ","Plant ",1997,-2,0.01,"$1,105,024 ","Under","Decreased"
"839","Cirsium hydrophilum hydrophilum ","Plant ",2014,-2,0,"$5,183,564 ","Under","Decreased"
"840","Clitoria fragrans ","Plant ",1989,-2,0,"$5,627,059 ","Under","Decreased"
"841","Eriophyllum latilobum ","Plant ",1998,-2,0,"$4,415,840 ","Under","Decreased"
"842","Polygonella myriophylla ","Plant ",1989,-2,0,"$5,627,059 ","Under","Decreased"
"843","Parvisedum leiocarpum ","Plant ",2006,-2,0,"$2,084,542 ","Under","Decreased"
"844","Polygala smallii ","Plant ",1989,-2,0,"$5,627,059 ","Under","Decreased"
"845","Nototrichium humile ","Plant ",1998,-1,0.81,"$48,051 ","Under","Decreased"
"846","Lupinus sulphureus ","Plant ",2010,-1,0.81,"$306,421 ","Under","Decreased"
"847","Aeschynomene virginica ","Plant ",1995,-1,0.8,"$103,275 ","Under","Decreased"
"848","Sanicula mariversa ","Plant ",1998,-1,0.77,"$48,051 ","Under","Decreased"
"849","Chamaesyce celastroides kaenana ","Plant ",1998,-1,0.68,"$48,051 ","Under","Decreased"
"850","Silene spaldingii ","Plant ",2007,-1,0.68,"$285,468 ","Under","Decreased"
"851","Chamaesyce herbstii ","Plant ",1998,-1,0.65,"$48,051 ","Under","Decreased"
"852","Townsendia aprica ","Plant ",1993,-1,0.58,"$28,980 ","Under","Decreased"
"853","Cyanea st-johnii ","Plant ",1998,-1,0.49,"$48,051 ","Under","Decreased"
"854","Physaria obcordata ","Plant ",1993,-1,0.48,"$15,899 ","Under","Decreased"
"855","Urera kaalae ","Plant ",1998,-1,0.46,"$48,051 ","Under","Decreased"
"856","Nitrophila mohavensis ","Plant ",1990,-1,0.46,"$68,094 ","Under","Decreased"
"857","Stenogyne kanehoana ","Plant ",1998,-1,0.44,"$48,051 ","Under","Decreased"
"858","Conradina verticillata ","Plant ",1996,-1,0.38,"$48,100 ","Under","Decreased"
"859","Lomatium cookii ","Plant ",2013,-1,0.37,"$219,688 ","Under","Decreased"
"860","Lesquerella congesta ","Plant ",1993,-1,0.36,"$21,198 ","Under","Decreased"
"861","Schoenocrambe barnebyi ","Plant ",1994,-1,0.34,"$14,304 ","Under","Decreased"
"862","Chamaesyce.skottsbergii.kalaeloana","Plant",1993,-1,0.32,"30112","Under","Decreased"
"863","Lithophragma maximum ","Plant ",1984,-1,0.31,"$90,048 ","Under","Decreased"
"864","Thelypteris yaucoensis ","Plant ",1995,-1,0.28,"$8,233 ","Under","Decreased"
"865","Platanthera leucophaea ","Plant ",1999,-1,0.27,"$354,333 ","Under","Decreased"
"866","Catesbaea melanocarpa ","Plant ",2005,-1,0.26,"$61,999 ","Under","Decreased"
"867","Vernonia proctorii ","Plant ",1995,-1,0.24,"$16,150 ","Under","Decreased"
"868","Aristida chaseae ","Plant ",1995,-1,0.23,"$16,150 ","Under","Decreased"
"869","Callicarpa ampla ","Plant ",1995,-1,0.23,"$19,176 ","Under","Decreased"
"870","Munroidendron racemosum ","Plant ",1995,-1,0.22,"$66,531 ","Under","Decreased"
"871","Ctenitis squamigera ","Plant ",1998,-1,0.18,"$121,090 ","Under","Decreased"
"872","Elaphoglossum serpens ","Plant ",1995,-1,0.18,"$8,233 ","Under","Decreased"
"873","Ottoschulzia rhodoxylon ","Plant ",1994,-1,0.14,"$53,642 ","Under","Decreased"
"874","Abutilon menziesii ","Plant ",1995,-1,0.14,"$242,844 ","Under","Decreased"
"875","Ilex sintenisii ","Plant ",1995,-1,0.14,"$19,176 ","Under","Decreased"
"876","Polygonum hickmanii ","Plant ",1998,-1,0.13,"$33,348 ","Under","Decreased"
"877","Dudleya cymosa marcescens ","Plant ",1999,-1,0.13,"$62,440 ","Under","Decreased"
"878","Solanum sandwicense ","Plant ",1995,-1,0.13,"$63,507 ","Under","Decreased"
"879","Canavalia molokaiensis ","Plant ",1996,-1,0.13,"$114,626 ","Under","Decreased"
"880","Mariscus pennatiformis ","Plant ",1999,-1,0.12,"$135,600 ","Under","Decreased"
"881","Pritchardia munroi ","Plant ",1996,-1,0.12,"$114,626 ","Under","Decreased"
"882","Pediocactus knowltonii ","Plant ",1985,-1,0.12,"$117,903 ","Under","Decreased"
"883","Ipomopsis sancti-spiritus ","Plant ",2002,-1,0.12,"$82,238 ","Under","Decreased"
"884","Cyrtandra munroi ","Plant ",1995,-1,0.11,"$242,844 ","Under","Decreased"
"885","Bidens wiebkei ","Plant ",1996,-1,0.11,"$114,626 ","Under","Decreased"
"886","Lipochaeta lobata leptophylla ","Plant ",1998,-1,0.11,"$48,051 ","Under","Decreased"
"887","Melicope pallida ","Plant ",1995,-1,0.1,"$66,531 ","Under","Decreased"
"888","Lobelia monostachya ","Plant ",1998,-1,0.1,"$48,051 ","Under","Decreased"
"889","Lessingia germanorum ","Plant ",2003,-1,0.1,"$181,769 ","Under","Decreased"
"890","Pleodendron macranthum ","Plant ",1998,-1,0.1,"$45,522 ","Under","Decreased"
"891","Cordylanthus palmatus ","Plant ",1998,-1,0.09,"$1,303,380 ","Under","Decreased"
"892","Diellia unisora ","Plant ",1998,-1,0.09,"$48,051 ","Under","Decreased"
"893","Phyllostegia hispida ","Plant ",2013,-1,0.08,"$668,712 ","Under","Decreased"
"894","Delissea rhytidosperma ","Plant ",1995,-1,0.08,"$66,531 ","Under","Decreased"
"895","Lipochaeta fauriei ","Plant ",1995,-1,0.08,"$66,531 ","Under","Decreased"
"896","Galium buxifolium ","Plant ",2000,-1,0.08,"$134,792 ","Under","Decreased"
"897","Schiedea spergulina leiopoda ","Plant ",1995,-1,0.07,"$66,531 ","Under","Decreased"
"898","Chamaesyce halemanui ","Plant ",1995,-1,0.07,"$66,531 ","Under","Decreased"
"899","Diplazium molokaiense ","Plant ",1998,-1,0.07,"$121,090 ","Under","Decreased"
"900","Platanthera holochila ","Plant ",1999,-1,0.07,"$135,600 ","Under","Decreased"
"901","Justicia cooleyi ","Plant ",1994,-1,0.06,"$17,035 ","Under","Decreased"
"902","Hibiscus clayi ","Plant ",1995,-1,0.06,"$66,531 ","Under","Decreased"
"903","Schiedea apokremnos ","Plant ",1995,-1,0.06,"$66,531 ","Under","Decreased"
"904","Hedyotis st.-johnii ","Plant ",1995,-1,0.06,"$66,531 ","Under","Decreased"
"905","Thelypteris pilosa alabamensis ","Plant ",1996,-1,0.06,"$29,107 ","Under","Decreased"
"906","Gesneria.pauciflora","Plant",1998,-1,0.05,"38133","Under","Decreased"
"907","Melicope quadrangularis ","Plant ",1995,-1,0.05,"$66,531 ","Under","Decreased"
"908","Monolopia congdonii ","Plant ",1998,-1,0.05,"$1,303,380 ","Under","Decreased"
"909","Hedyotis mannii ","Plant ",1996,-1,0.05,"$114,626 ","Under","Decreased"
"910","Lysimachia filifolia ","Plant ",1995,-1,0.05,"$66,531 ","Under","Decreased"
"911","Hibiscadelphus distans ","Plant ",1996,-1,0.05,"$200,762 ","Under","Decreased"
"912","Achyranthes mutica ","Plant ",1999,-1,0.05,"$135,600 ","Under","Decreased"
"913","Tetramolopium rockii ","Plant ",1996,-1,0.04,"$114,626 ","Under","Decreased"
"914","Marsilea villosa ","Plant ",1996,-1,0.04,"$209,338 ","Under","Decreased"
"915","Cyrtandra cyaneoides ","Plant ",1998,-1,0.03,"$173,495 ","Under","Decreased"
"916","Eremalche kernensis ","Plant ",1998,-1,0.03,"$1,303,380 ","Under","Decreased"
"917","Orcuttia tenuis ","Plant ",2006,-1,0.03,"$2,084,542 ","Under","Decreased"
"918","Schiedea verticillata ","Plant ",1998,-1,0.02,"$135,884 ","Under","Decreased"
"919","Pritchardia napaliensis ","Plant ",1998,-1,0.02,"$173,495 ","Under","Decreased"
"920","Cyanea dunbarii ","Plant ",1998,-1,0.02,"$699,032 ","Under","Decreased"
"921","Abutilon eremitopetalum ","Plant ",1995,-1,0.02,"$242,844 ","Under","Decreased"
"922","Gardenia brighamii ","Plant ",1993,-1,0.02,"$839,436 ","Under","Decreased"
"923","Schiedea helleri ","Plant ",1998,-1,0.02,"$173,495 ","Under","Decreased"
"924","Hymenoxys herbacea ","Plant ",1990,-1,0.01,"$708,262 ","Under","Decreased"
"925","Melicope adscendens ","Plant ",1997,-1,0.01,"$1,105,024 ","Under","Decreased"
"926","Orcuttia inaequalis ","Plant ",2006,-1,0.01,"$2,084,542 ","Under","Decreased"
"927","Schiedea haleakalensis ","Plant ",1997,-1,0.01,"$1,105,024 ","Under","Decreased"
"928","Lesquerella perforata ","Plant ",2006,-1,0.01,"$1,486,540 ","Under","Decreased"
"929","Clermontia oblongifolia mauiensis ","Plant ",1997,-1,0.01,"$1,105,024 ","Under","Decreased"
"930","Remya mauiensis ","Plant ",1997,-1,0.01,"$1,105,024 ","Under","Decreased"
"931","Cladonia perforata ","Plant ",1989,-1,0,"$5,627,059 ","Under","Decreased"
"932","Lysimachia lydgatei ","Plant ",1997,-1,0,"$1,105,024 ","Under","Decreased"
"933","Schiedea sarmentosa ","Plant ",1998,-1,0,"$699,032 ","Under","Decreased"
"934","Cirsium fontinale fontinale ","Plant ",1998,-1,0,"$4,415,840 ","Under","Decreased"
"935","Ceanothus ferrisae ","Plant ",1998,-1,0,"$4,415,840 ","Under","Decreased"
"936","Castilleja affinis neglecta ","Plant ",1998,-1,0,"$4,415,840 ","Under","Decreased"
"937","Cordylanthus tenuis capillaris ","Plant ",1998,-1,0,"$4,415,840 ","Under","Decreased"
"938","Chamaesyce garberi ","Plant ",1989,-1,0,"$5,627,059 ","Under","Decreased"
"939","Navarretia leucocephala plieantha ","Plant ",2006,-1,0,"$2,084,542 ","Under","Decreased"
"940","Pritchardia kaalae ","Plant ",1998,0,0.82,"$48,051 ","Under","No Change"
"941","Phlegmariurus nutans ","Plant ",1998,0,0.79,"$48,051 ","Under","No Change"
"942","Hedyotis parvula ","Plant ",1998,0,0.73,"$48,051 ","Under","No Change"
"943","Tetramolopium filiforme ","Plant ",1998,0,0.71,"$48,051 ","Under","No Change"
"944","Thelypodium howellii spectabilis ","Plant ",2002,0,0.68,"$66,048 ","Under","No Change"
"945","Lipochaeta tenuifolia ","Plant ",1998,0,0.67,"$48,051 ","Under","No Change"
"946","Dubautia herbstobatae ","Plant ",1998,0,0.66,"$48,051 ","Under","No Change"
"947","Hedyotis degeneri ","Plant ",1998,0,0.65,"$48,051 ","Under","No Change"
"948","Arabis macdonaldiana ","Plant ",1984,0,0.62,"$100,053 ","Under","No Change"
"949","Cupressus abramsiana ","Plant ",1998,0,0.62,"$14,729 ","Under","No Change"
"950","Silene.lanceolata","Plant",1996,0,0.61,"109168","Under","No Change"
"951","Spermolepis hawaiiensis ","Plant ",1999,0,0.6,"$135,600 ","Under","No Change"
"952","Clermontia lindseyana ","Plant ",1996,0,0.58,"$33,265 ","Under","No Change"
"953","Solanum incompletum ","Plant ",1999,0,0.55,"$126,560 ","Under","No Change"
"954","Ayenia limitaris ","Plant ",2014,0,0.55,"$52,500 ","Under","No Change"
"955","Astrophytum asterias ","Plant ",2003,0,0.5,"$103,124 ","Under","No Change"
"956","Phlox nivalis texensis ","Plant ",1995,0,0.46,"$104,300 ","Under","No Change"
"957","Arctostaphylos morroensis ","Plant ",1998,0,0.45,"$46,065 ","Under","No Change"
"958","Halophila johnsonii ","Plant ",2002,0,0.41,"$1,498,550 ","Under","No Change"
"959","Hibiscus brackenridgei ","Plant ",1999,0,0.39,"$135,600 ","Under","No Change"
"960","Trillium persistens ","Plant ",1984,0,0.36,"$16,725 ","Under","No Change"
"961","Penstemon haydenii ","Plant ",1992,0,0.35,"$107,589 ","Under","No Change"
"962","Arabis serotina ","Plant ",1991,0,0.34,"$38,817 ","Under","No Change"
"963","Tectaria estremerana ","Plant ",1995,0,0.34,"$8,233 ","Under","No Change"
"964","Carex lutea ","Plant ",2013,0,0.33,"$48,620 ","Under","No Change"
"965","Schoenocrambe argillacea ","Plant ",1994,0,0.33,"$14,304 ","Under","No Change"
"966","Lesquerella thamnophila ","Plant ",2004,0,0.32,"$70,315 ","Under","No Change"
"967","Ivesia kingii eremica ","Plant ",1990,0,0.3,"$68,094 ","Under","No Change"
"968","Mentzelia leucophylla ","Plant ",1990,0,0.29,"$68,094 ","Under","No Change"
"969","Cupressus goveniana goveniana ","Plant ",2004,0,0.29,"$33,723 ","Under","No Change"
"970","Astragalus montii ","Plant ",1995,0,0.28,"$16,830 ","Under","No Change"
"971","Solidago albopilosa ","Plant ",2009,0,0.28,"$30,738 ","Under","No Change"
"972","Sagittaria secundifolia ","Plant ",1991,0,0.28,"$53,580 ","Under","No Change"
"973","Thlaspi californicum ","Plant ",2003,0,0.28,"$37,592 ","Under","No Change"
"974","Cyanea hamatiflora carlsonii ","Plant ",1996,0,0.27,"$33,265 ","Under","No Change"
"975","Enceliopsis nudicaulis corrugata ","Plant ",1990,0,0.26,"$68,094 ","Under","No Change"
"976","Mimulus glabratus michiganensis ","Plant ",1997,0,0.23,"$41,655 ","Under","No Change"
"977","Polystichum aleuticum ","Plant ",1992,0,0.22,"$70,716 ","Under","No Change"
"978","Myrcia paganii ","Plant ",1997,0,0.22,"$15,708 ","Under","No Change"
"979","Pedicularis furbishiae ","Plant ",1991,0,0.21,"$51,015 ","Under","No Change"
"980","Xylosma crenatum ","Plant ",1995,0,0.21,"$66,531 ","Under","No Change"
"981","Astragalus tener titi ","Plant ",2004,0,0.21,"$33,723 ","Under","No Change"
"982","Thelypteris inabonensis ","Plant ",1995,0,0.2,"$8,233 ","Under","No Change"
"983","Thelypteris verecunda ","Plant ",1995,0,0.19,"$8,233 ","Under","No Change"
"984","Trifolium trichocalyx ","Plant ",2004,0,0.18,"$33,723 ","Under","No Change"
"985","Solidago houghtonii ","Plant ",1997,0,0.18,"$66,766 ","Under","No Change"
"986","Oenothera avita eurekensis ","Plant ",1982,0,0.15,"$95,597 ","Under","No Change"
"987","Ternstroemia subsessilis ","Plant ",1995,0,0.15,"$19,176 ","Under","No Change"
"988","Cirsium vinaceum ","Plant ",1993,0,0.13,"$192,395 ","Under","No Change"
"989","Leptocereus grantianus ","Plant ",1995,0,0.13,"$31,620 ","Under","No Change"
"990","Echinocereus triglochidiatus arizonicus ","Plant ",1984,0,0.13,"$98,187 ","Under","No Change"
"991","Melicope zahlbruckneri ","Plant ",1998,0,0.13,"$77,996 ","Under","No Change"
"992","Eriogonum gypsophilum ","Plant ",1984,0,0.12,"$79,893 ","Under","No Change"
"993","Phacelia formosula ","Plant ",1986,0,0.12,"$46,860 ","Under","No Change"
"994","Ternstroemia.luquillensis","Plant",1995,0,0.12,"19176","Under","No Change"
"995","Malacothamnus fasciculatus nesioticus ","Plant ",2000,0,0.09,"$134,792 ","Under","No Change"
"996","Solidago spithamaea ","Plant ",1987,0,0.08,"$40,658 ","Under","No Change"
"997","Malacothrix squalida ","Plant ",2000,0,0.07,"$134,792 ","Under","No Change"
"998","Lesquerella lyrata ","Plant ",1996,0,0.07,"$29,107 ","Under","No Change"
"999","Amsonia kearneyana ","Plant ",1993,0,0.07,"$124,131 ","Under","No Change"
"1000","Dudleya nesiotica ","Plant ",2000,0,0.07,"$134,792 ","Under","No Change"
"1001","Echinocactus horizonthalonius nicholii ","Plant ",1986,0,0.06,"$137,740 ","Under","No Change"
"1002","Lepanthes eltoroensis ","Plant ",1996,0,0.06,"$37,000 ","Under","No Change"
"1003","Thalictrum cooleyi ","Plant ",1994,0,0.06,"$111,208 ","Under","No Change"
"1004","Trichilia triacantha ","Plant ",1991,0,0.05,"$74,670 ","Under","No Change"
"1005","Juglans jamaicensis ","Plant ",1999,0,0.04,"$37,333 ","Under","No Change"
"1006","Eugenia haematocarpa ","Plant ",1998,0,0.04,"$45,522 ","Under","No Change"
"1007","Astragalus bibullatus ","Plant ",2011,0,0.04,"$569,100 ","Under","No Change"
"1008","Viola helenae ","Plant ",1994,0,0.03,"$130,612 ","Under","No Change"
"1009","Dubautia pauciflorula ","Plant ",1994,0,0.03,"$130,612 ","Under","No Change"
"1010","Echinocereus triglochidiatus ","Plant ",1984,0,0.02,"$96,320 ","Under","No Change"
"1011","Viola lanaiensis ","Plant ",1995,0,0.02,"$242,844 ","Under","No Change"
"1012","Scaevola coriacea ","Plant ",1997,0,0.02,"$1,105,024 ","Under","No Change"
"1013","Cordylanthus maritimus maritimus ","Plant ",2014,0,0.01,"$5,183,564 ","Under","No Change"
"1014","Hesperolinon congestum ","Plant ",1998,0,0.01,"$4,415,840 ","Under","No Change"
"1015","Cordylanthus mollis mollis ","Plant ",2014,0,0.01,"$5,183,564 ","Under","No Change"
"1016","Lysimachia maxima ","Plant ",1998,0,0.01,"$699,032 ","Under","No Change"
"1017","Clarkia franciscana ","Plant ",1998,0,0.01,"$4,415,840 ","Under","No Change"
"1018","Cyanea mceldowneyi ","Plant ",1997,0,0,"$1,105,024 ","Under","No Change"
"1019","Pentachaeta bellidiflora ","Plant ",1998,0,0,"$4,415,840 ","Under","No Change"
"1020","Calochortus tiburonensis ","Plant ",1998,0,0,"$4,415,840 ","Under","No Change"
"1021","Streptanthus niger ","Plant ",1998,0,0,"$4,415,840 ","Under","No Change"
"1022","Paronychia chartacea ","Plant ",1989,0,0,"$5,627,059 ","Under","No Change"
"1023","Navarretia leucocephala pauciflora ","Plant ",2006,0,0,"$2,084,542 ","Under","No Change"
"1024","Conradina brevifolia ","Plant ",1989,0,0,"$5,627,059 ","Under","No Change"
"1025","Erigeron maguirei ","Plant ",1995,1,0.83,"$23,970 ","Under","Increased"
"1026","Cyrtandra subumbellata ","Plant ",1998,1,0.76,"$48,051 ","Under","Increased"
"1027","Viola chamissoniana chamissoniana ","Plant ",1998,1,0.73,"$48,051 ","Under","Increased"
"1028","Geocarpon minimum ","Plant ",1993,1,0.66,"$69,767 ","Under","Increased"
"1029","Gouania vitifolia ","Plant ",1998,1,0.58,"$48,051 ","Under","Increased"
"1030","Aconitum noveboracense ","Plant ",1983,1,0.47,"$128,700 ","Under","Increased"
"1031","Phlox hirsuta ","Plant ",2006,1,0.46,"$110,226 ","Under","Increased"
"1032","Cenchrus agrimonioides ","Plant ",1999,1,0.43,"$135,600 ","Under","Increased"
"1033","Echinocereus fendleri kuenzleri ","Plant ",1985,1,0.43,"$136,710 ","Under","Increased"
"1034","Lomatium bradshawii ","Plant ",2010,1,0.39,"$306,421 ","Under","Increased"
"1035","Rhynchospora knieskernii ","Plant ",1993,1,0.38,"$41,860 ","Under","Increased"
"1036","Conradina etonia ","Plant ",1994,1,0.29,"$38,936 ","Under","Increased"
"1037","Manihot walkerae ","Plant ",1993,1,0.28,"$95,616 ","Under","Increased"
"1038","Coryphantha.sneedii.leei","Plant",1986,1,0.27,"20058","Under","Increased"
"1039","Eugenia woodburyana ","Plant ",1998,1,0.27,"$17,001 ","Under","Increased"
"1040","Sesbania tomentosa ","Plant ",1999,1,0.26,"$135,600 ","Under","Increased"
"1041","Limnanthes floccosa grandiflora ","Plant ",2013,1,0.22,"$219,688 ","Under","Increased"
"1042","Haplostachys haplostachya ","Plant ",1993,1,0.19,"$278,262 ","Under","Increased"
"1043","Mitracarpus polycladus ","Plant ",1998,1,0.19,"$17,001 ","Under","Increased"
"1044","Delissea undulata ","Plant ",1996,1,0.18,"$33,265 ","Under","Increased"
"1045","Penstemon penlandii ","Plant ",1992,1,0.15,"$35,828 ","Under","Increased"
"1046","Brighamia rockii ","Plant ",1996,1,0.15,"$114,626 ","Under","Increased"
"1047","Swallenia alexandrae ","Plant ",1982,1,0.14,"$95,597 ","Under","Increased"
"1048","Tetramolopium lepidotum lepidotum ","Plant ",1998,1,0.13,"$48,051 ","Under","Increased"
"1049","Helianthemum greenei ","Plant ",2000,1,0.12,"$134,792 ","Under","Increased"
"1050","Phyllostegia parviflora ","Plant ",1999,1,0.12,"$135,600 ","Under","Increased"
"1051","Helenium virginicum ","Plant ",2000,1,0.12,"$170,100 ","Under","Increased"
"1052","Nothocestrum peltatum ","Plant ",1995,1,0.11,"$66,531 ","Under","Increased"
"1053","Pritchardia schattaueri ","Plant ",1998,1,0.08,"$77,996 ","Under","Increased"
"1054","Wilkesia hobdyi ","Plant ",1995,1,0.08,"$66,531 ","Under","Increased"
"1055","Argyroxiphium sandwicense sandwicense ","Plant ",1993,1,0.06,"$197,386 ","Under","Increased"
"1056","Eriastrum hooveri ","Plant ",1998,1,0.05,"$1,303,380 ","Under","Increased"
"1057","Arctostaphylos hookeri ravenii ","Plant ",2003,1,0.05,"$181,769 ","Under","Increased"
"1058","Crescentia portoricensis ","Plant ",1991,1,0.04,"$63,270 ","Under","Increased"
"1059","Pritchardia remota ","Plant ",1998,1,0.03,"$135,884 ","Under","Increased"
"1060","Cyanea hamatiflora hamatiflora ","Plant ",2002,1,0.02,"$467,720 ","Under","Increased"
"1061","Suaeda californica ","Plant ",2014,1,0,"$5,183,564 ","Under","Increased"
"1062","Neraudia angulata ","Plant ",1998,2,0.82,"$48,051 ","Under","Increased"
"1063","Helianthus paradoxus ","Plant ",2005,2,0.76,"$84,582 ","Under","Increased"
"1064","Platanthera praeclara ","Plant ",1996,2,0.53,"$487,249 ","Under","Increased"
"1065","Arenaria cumberlandensis ","Plant ",2009,2,0.48,"$25,070 ","Under","Increased"
"1066","Cirsium fontinale obispoense ","Plant ",1998,2,0.42,"$46,065 ","Under","Increased"
"1067","Grindelia fraxino-pratensis ","Plant ",1990,2,0.38,"$68,094 ","Under","Increased"
"1068","Bonamia grandiflora ","Plant ",1996,2,0.34,"$83,599 ","Under","Increased"
"1069","Echinacea tennesseensis ","Plant ",1989,2,0.19,"$82,955 ","Under","Increased"
"1070","Scirpus ancistrochaetus ","Plant ",1993,2,0.12,"$153,487 ","Under","Increased"
"1071","Dudleya traskiae ","Plant ",1985,2,0.1,"$60,760 ","Under","Increased"
"1072","Calyptronoma rivalis ","Plant ",1992,2,0.09,"$61,420 ","Under","Increased"
"1073","Phyllostegia waimeae ","Plant ",1995,2,0.08,"$66,531 ","Under","Increased"
"1074","Chionanthus pygmaeus ","Plant ",1989,2,0.01,"$5,627,059 ","Under","Increased"
"1075","Sidalcea oregana calva ","Plant ",2004,3,0.62,"$78,720 ","Under","Increased"
"1076","Centaurium namophilum ","Plant ",1990,3,0.42,"$68,094 ","Under","Increased"
"1077","Hudsonia montana ","Plant ",1983,3,0.31,"$21,138 ","Under","Increased"
"1078","Sarracenia oreophila ","Plant ",1994,3,0.29,"$111,993 ","Under","Increased"
"1079","Mirabilis macfarlanei ","Plant ",2000,3,0.15,"$482,625 ","Under","Increased"
"1080","Chrysopsis floridana ","Plant ",2009,3,0.15,"$76,300 ","Under","Increased"
"1081","Conradina glabra ","Plant ",1994,3,0.14,"$44,274 ","Under","Increased"
"1082","Stahlia.monosperma","Plant",1996,3,0.05,"95707","Under","Increased"
"1083","Xyris tennesseensis ","Plant ",1994,4,0.36,"$70,127 ","Under","Increased"
"1084","Hedeoma todsenii ","Plant ",2001,4,0.11,"$147,840 ","Under","Increased"
"1085","Oxytropis campestris chartacea ","Plant ",1991,4,0.05,"$181,688 ","Under","Increased"
"1086","Iliamna corei ","Plant ",1990,5,0.31,"$24,758 ","Under","Increased"
"1087","Castilleja grisea ","Plant ",1984,5,0.29,"$90,048 ","Under","Increased"
"1088","Malacothamnus clementinus ","Plant ",1984,5,0.28,"$90,048 ","Under","Increased"
"1089","Delphinium variegatum kinkiense ","Plant ",1984,5,0.27,"$90,048 ","Under","Increased"
"1090","Marshallia mohrii ","Plant ",1991,5,0.08,"$56,430 ","Under","Increased"
"1091","Liatris helleri ","Plant ",2000,5,0.06,"$65,925 ","Under","Increased"
"1092","Trifolium stoloniferum ","Plant ",2007,6,0.37,"$155,232 ","Under","Increased"
"1093","Lotus dendroideus traskiae ","Plant ",1984,6,0.34,"$90,048 ","Under","Increased"
"1094","Argyroxiphium kauense ","Plant ",1995,6,0.26,"$177,370 ","Under","Increased"
"1095","Betula uber ","Plant ",1990,7,0.29,"$28,614 ","Under","Increased"
"1096","Frankenia johnstonii ","Plant ",1988,8,0.41,"$73,218 ","Under","Increased"
"1097","Gambelia silus ","Reptile ",1998,-10,0.23,"$1,303,380 ","Under","Decreased"
"1098","Dermochelys coriacea ","Reptile ",1995,-7,0.53,"$4,989,713 ","Under","Decreased"
"1099","Thamnophis sirtalis tetrataenia ","Reptile ",1985,-7,0.47,"$197,832 ","Under","Decreased"
"1100","Nerodia erythrogaster neglecta ","Reptile ",2008,-7,0.45,"$388,800 ","Under","Decreased"
"1101","Drymarchon corais couperi ","Reptile ",2009,-6,0.33,"$1,830,434 ","Under","Decreased"
"1102","Gopherus agassizii ","Reptile ",2011,-5,0.75,"$11,130,000 ","Under","Decreased"
"1103","Eretmochelys imbricata ","Reptile ",1995,-5,0.56,"$2,913,120 ","Under","Decreased"
"1104","Thamnophis gigas ","Reptile ",1999,-4,0.48,"$3,010,386 ","Under","Decreased"
"1105","Epicrates inornatus ","Reptile ",1986,-4,0.3,"$142,000 ","Under","Decreased"
"1106","Neoseps reynoldsi ","Reptile ",1989,-4,0.01,"$5,627,059 ","Under","Decreased"
"1107","Eumeces egregius lividus ","Reptile ",1989,-4,0.01,"$5,627,059 ","Under","Decreased"
"1108","Graptemys oculifera ","Reptile ",1988,-3,0.2,"$71,577 ","Under","Decreased"
"1109","Caretta caretta ","Reptile ",2008,-3,0.13,"$32,616,000 ","Under","Decreased"
"1110","Graptemys flavimaculata ","Reptile ",1993,-3,0.12,"$185,150 ","Under","Decreased"
"1111","Masticophis lateralis euryxanthus ","Reptile ",2003,-2,0.22,"$688,605 ","Under","Decreased"
"1112","Nerodia sipedon insularum ","Reptile ",2003,0,0.16,"$243,840 ","Under","No Change"
"1113","Cyclura cornuta stejnegeri ","Reptile ",1984,0,0.02,"$728,000 ","Under","No Change"
"1114","Anolis roosevelti ","Reptile ",1983,0,0.02,"$70,200 ","Under","No Change"
"1115","Sphaerodactylus micropithecus ","Reptile ",1986,0,0.01,"$564,450 ","Under","No Change"
"1116","Crotalus willardi obscurus ","Reptile ",1985,1,0.4,"$95,480 ","Under","Increased"
"1117","Ameiva polops ","Reptile ",1984,2,0.26,"$36,587 ","Under","Increased"
"1118","Chelonia mydas ","Reptile ",1998,2,0.14,"$22,947,210 ","Under","Increased"
"1119","Nerodia paucimaculata ","Reptile ",1993,2,0.08,"$399,426 ","Under","Increased"
"1120","Epicrates monensis granti ","Reptile ",1986,2,0.03,"$281,160 ","Under","Increased"
"1121","Xantusia riversiana ","Reptile ",1984,3,0.33,"$90,048 ","Under","Increased"
"1122","Epicrates monensis monensis ","Reptile ",1984,3,0.01,"$642,133 ","Under","Increased"
"1123","Crocodylus acutus ","Reptile ",1989,4,0.03,"$5,627,059 ","Under","Increased"
"1124","Lepidochelys kempii ","Reptile ",2011,5,0.41,"$5,251,050 ","Under","Increased"
